============================= test session starts ==============================
platform linux -- Python 3.14.4, pytest-9.1.1, pluggy-1.6.0 -- /home/mscf/projects/personal/Ordinary/.venv/bin/python
cachedir: .pytest_cache
rootdir: /home/mscf/projects/personal/Ordinary/components/OrdinaryLight
configfile: pyproject.toml
collecting ... collected 1140 items

tests/gates/test_gate_contract.py::GateContractTests::test_noise_baseline_uses_relax PASSED [  0%]
tests/gates/test_gate_contract.py::GateContractTests::test_python_gates_are_importable_modules_with_main 
tests/gates/test_gate_contract.py::GateContractTests::test_python_gates_are_importable_modules_with_main PASSED [  0%]
tests/gates/test_gate_contract.py::GateContractTests::test_raster_lighting_baseline_is_checked_in PASSED [  0%]
tests/gates/test_gate_contract.py::GateContractTests::test_relax_motion_baseline_is_checked_in PASSED [  0%]
tests/gates/test_gate_contract.py::GateContractTests::test_relax_tessellation_baseline_is_checked_in PASSED [  0%]
tests/gates/test_gate_contract.py::GateContractTests::test_shell_launchers_are_colocated_and_executable 
tests/gates/test_gate_contract.py::GateContractTests::test_shell_launchers_are_colocated_and_executable PASSED [  0%]
tests/gates/test_gpu_gates.py::VulkanGateTests::test_accepted_relax_noise_quality_baseline FAILED [  0%]
tests/gates/test_gpu_gates.py::VulkanGateTests::test_cross_scene_quality_and_parity FAILED [  0%]
tests/gates/test_gpu_gates.py::VulkanGateTests::test_fixed_pose_optical_visual_parity PASSED [  0%]
tests/gates/test_gpu_gates.py::VulkanGateTests::test_gpu_picking PASSED  [  0%]
tests/gates/test_gpu_gates.py::VulkanGateTests::test_material_program_room_visual_parity PASSED [  0%]
tests/gates/test_gpu_gates.py::VulkanGateTests::test_native_raster_lighting_and_shadows PASSED [  1%]
tests/gates/test_gpu_gates.py::VulkanGateTests::test_raster_backend_parity PASSED [  1%]
tests/gates/test_gpu_gates.py::VulkanGateTests::test_raster_gi_visual_parity PASSED [  1%]
tests/gates/test_gpu_gates.py::VulkanGateTests::test_relax_matte_tessellation_quality PASSED [  1%]
tests/gates/test_gpu_gates.py::VulkanGateTests::test_relax_object_and_camera_motion_quality PASSED [  1%]
tests/gates/test_gpu_gates.py::VulkanGateTests::test_resident_transition_latency PASSED [  1%]
tests/gates/test_gpu_gates.py::VulkanGateTests::test_volume_compositing PASSED [  1%]
tests/gates/test_gpu_gates.py::VulkanGateTests::test_volume_raster_parity PASSED [  1%]
tests/gates/test_gpu_gates.py::VulkanGateTests::test_volume_scattering PASSED [  1%]
tests/test_animations.py::AnimationTests::test_cubic_spline_uses_gltf_tangent_layout PASSED [  1%]
tests/test_animations.py::AnimationTests::test_linear_step_and_quaternion_sampling PASSED [  1%]
tests/test_animations.py::AnimationTests::test_morph_weights_deform_absolute_bind_pose PASSED [  2%]
tests/test_animations.py::AnimationTests::test_node_weight_track_updates_bound_morph_instances PASSED [  2%]
tests/test_animations.py::AnimationTests::test_parent_node_animation_updates_descendant_instances PASSED [  2%]
tests/test_animations.py::AnimationTests::test_player_loops_and_updates_scene PASSED [  2%]
tests/test_animations.py::AnimationTests::test_scene_applies_and_resets_transform_clip PASSED [  2%]
tests/test_animations.py::AnimationTests::test_skinning_composes_morph_joint_and_mesh_node_transforms PASSED [  2%]
tests/test_blit_graph.py::test_blit_scale_and_channels[37] PASSED        [  2%]
tests/test_blit_graph.py::test_blit_scale_and_channels[44] PASSED        [  2%]
tests/test_bounded_acquisition.py::test_timeout_configuration[RendererConfig] PASSED [  2%]
tests/test_bounded_acquisition.py::test_timeout_configuration[RasterConfig] PASSED [  2%]
tests/test_bounded_acquisition.py::test_acquisition_preserves_index_zero_and_error_recovery[0] PASSED [  2%]
tests/test_bounded_acquisition.py::test_acquisition_preserves_index_zero_and_error_recovery[123456] PASSED [  2%]
tests/test_bounded_acquisition.py::test_raster_timeout_does_not_submit_reset_or_advance_slot[VkTimeout] PASSED [  3%]
tests/test_bounded_acquisition.py::test_raster_timeout_does_not_submit_reset_or_advance_slot[VkNotReady] PASSED [  3%]
tests/test_bounded_acquisition.py::test_output_timeout_keeps_acquisition_slot_reusable[VkTimeout] PASSED [  3%]
tests/test_bounded_acquisition.py::test_output_timeout_keeps_acquisition_slot_reusable[VkNotReady] PASSED [  3%]
tests/test_bounded_acquisition.py::test_output_rejects_infinite_timeout_before_retaining_runtime PASSED [  3%]
tests/test_bounded_acquisition.py::test_core_resize_acquisition_returns_without_recursive_recreation[prepare_wavefront_window] PASSED [  3%]
tests/test_bounded_acquisition.py::test_core_resize_acquisition_returns_without_recursive_recreation[present_window] PASSED [  3%]
tests/test_box_batch.py::test_box_batch_retains_full_width_ids_and_inactive_bounds PASSED [  3%]
tests/test_box_batch.py::test_box_batch_rejects_invalid_records[kwargs0] PASSED [  3%]
tests/test_box_batch.py::test_box_batch_rejects_invalid_records[kwargs1] PASSED [  3%]
tests/test_box_batch.py::test_box_batch_rejects_invalid_records[kwargs2] PASSED [  3%]
tests/test_box_batch.py::test_box_batch_rejects_invalid_records[kwargs3] PASSED [  4%]
tests/test_box_batch.py::test_box_batch_rejects_invalid_records[kwargs4] PASSED [  4%]
tests/test_box_batch.py::test_box_batch_rejects_invalid_records[kwargs5] PASSED [  4%]
tests/test_box_batch.py::test_box_batch_rejects_invalid_bounds[bounds0] PASSED [  4%]
tests/test_box_batch.py::test_box_batch_rejects_invalid_bounds[bounds1] PASSED [  4%]
tests/test_box_batch.py::test_box_batch_rejects_invalid_bounds[bounds2] PASSED [  4%]
tests/test_box_batch.py::test_grouped_box_hits_against_analytic_intervals_and_resource_edits[False] PASSED [  4%]
tests/test_box_batch.py::test_grouped_box_hits_against_analytic_intervals_and_resource_edits[True] PASSED [  4%]
tests/test_box_batch.py::test_box_batch_reports_invalid_device_records PASSED [  4%]
tests/test_box_batch.py::test_partition_preserves_slots_and_covers_inactive_boxes PASSED [  4%]
tests/test_box_batch.py::test_partition_matches_scan_for_oblique_inside_and_edited_rays PASSED [  4%]
tests/test_box_batch.py::test_glass_only_palette_has_valid_enclosing_boundary PASSED [  5%]
tests/test_buffer_float_atomics.py::test_contended_float_atomic_add_preserves_hdr PASSED [  5%]
tests/test_bulk_geometry_updates.py::test_unsorted_slots_keep_row_association_and_merge_adjacent_copies PASSED [  5%]
tests/test_bulk_geometry_updates.py::test_large_update_is_two_copies_and_does_not_expand_geometry PASSED [  5%]
tests/test_bulk_geometry_updates.py::test_removal_keeps_bounds_and_skips_acceleration PASSED [  5%]
tests/test_bulk_geometry_updates.py::test_overlapping_object_and_bulk_updates_are_last_write_wins PASSED [  5%]
tests/test_bulk_geometry_updates.py::test_bad_slots_fail_before_allocation[slots0] PASSED [  5%]
tests/test_bulk_geometry_updates.py::test_bad_slots_fail_before_allocation[slots1] PASSED [  5%]
tests/test_bulk_geometry_updates.py::test_bad_slots_fail_before_allocation[slots2] PASSED [  5%]
tests/test_bulk_geometry_updates.py::test_bad_slots_fail_before_allocation[slots3] PASSED [  5%]
tests/test_bulk_geometry_updates.py::test_bad_slots_fail_before_allocation[slots4] PASSED [  5%]
tests/test_bulk_geometry_updates.py::test_bad_slots_fail_before_allocation[slots5] PASSED [  5%]
tests/test_bulk_geometry_updates.py::test_bad_slots_fail_before_allocation[slots6] PASSED [  6%]
tests/test_bulk_geometry_updates.py::test_bad_slots_fail_before_allocation[slots7] PASSED [  6%]
tests/test_bulk_geometry_updates.py::test_bad_geometry_and_program_fail_before_allocation PASSED [  6%]
tests/test_bulk_geometry_updates.py::test_dependencies_stale_bindings_and_close PASSED [  6%]
tests/test_bulk_geometry_updates.py::test_failed_allocation_does_not_register_client PASSED [  6%]
tests/test_bulk_geometry_updates.py::test_boundary_and_material_mapping_match_single_updates PASSED [  6%]
tests/test_bulk_geometry_updates.py::test_fragmented_command_regions_are_bounded PASSED [  6%]
tests/test_bulk_geometry_updates.py::test_bulk_copy_graph_orders_read_after_transfer_and_build PASSED [  6%]
tests/test_bulk_geometry_updates.py::test_public_bulk_sphere_example_when_gpu_validation_is_enabled PASSED [  6%]
tests/test_bulk_geometry_updates.py::test_repacking_shadow_remaps_new_scene_indices PASSED [  6%]
tests/test_camera_controllers.py::ArcballCameraControllerTests::test_elevation_and_distance_are_clamped PASSED [  6%]
tests/test_camera_controllers.py::ArcballCameraControllerTests::test_orbit_and_dolly PASSED [  7%]
tests/test_camera_controllers.py::ArcballCameraControllerTests::test_pan_moves_position_and_target_together PASSED [  7%]
tests/test_camera_controllers.py::ArcballCameraControllerTests::test_preserves_authored_camera PASSED [  7%]
tests/test_camera_material_resources.py::test_camera_uniform_matches_fixed_emission_and_updates[False] PASSED [  7%]
tests/test_camera_material_resources.py::test_camera_uniform_matches_fixed_emission_and_updates[True] PASSED [  7%]
tests/test_camera_material_resources.py::test_unbound_camera_graph_is_rejected PASSED [  7%]
tests/test_camera_material_resources.py::test_camera_texture_buffer_uniform_match_transport PASSED [  7%]
tests/test_camera_material_resources.py::test_camera_resource_validation PASSED [  7%]
tests/test_camera_material_resources.py::test_camera_rough_metal_resource_matches_constant_scattering PASSED [  7%]
tests/test_command_history_limits.py::test_only_consumed_limits_participate[False-False-False-False-expected0] PASSED [  7%]
tests/test_command_history_limits.py::test_only_consumed_limits_participate[False-True-False-False-expected1] PASSED [  7%]
tests/test_command_history_limits.py::test_only_consumed_limits_participate[False-True-True-False-expected2] PASSED [  7%]
tests/test_command_history_limits.py::test_only_consumed_limits_participate[False-True-False-True-expected3] PASSED [  8%]
tests/test_command_history_limits.py::test_only_consumed_limits_participate[True-True-True-False-expected4] PASSED [  8%]
tests/test_command_history_limits.py::test_only_consumed_limits_participate[True-False-False-False-expected5] PASSED [  8%]
tests/test_command_history_limits.py::test_next_upload_does_not_overwrite_inflight_previous_camera PASSED [  8%]
tests/test_command_history_limits.py::test_uploaded_restir_policy_does_not_rebuild_commands[1-False] PASSED [  8%]
tests/test_command_history_limits.py::test_uploaded_restir_policy_does_not_rebuild_commands[3-True] PASSED [  8%]
tests/test_command_history_limits.py::test_uploaded_restir_policy_does_not_rebuild_commands[20-True] PASSED [  8%]
tests/test_command_history_limits.py::test_uploaded_restir_policy_does_not_rebuild_commands[64-False] PASSED [  8%]
tests/test_composed_denoising.py::test_composed_denoising_history_reset PASSED [  8%]
tests/test_composed_motion.py::test_traced_camera_motion_history PASSED  [  8%]
tests/test_compute.py::test_compute_buffer_sizes_initialized_and_host_data PASSED [  8%]
tests/test_compute.py::test_webgpu_session_persists_updates_dispatches_and_reads PASSED [  9%]
tests/test_compute.py::test_compute_session_validates_program_resources_and_update_sizes PASSED [  9%]
tests/test_compute.py::test_compute_sequence_reuses_allocations_and_submits_steps_in_order PASSED [  9%]
tests/test_compute.py::test_compute_sequence_exposes_typed_same_device_buffer_view PASSED [  9%]
tests/test_compute.py::test_compute_sequence_validates_aliases_and_allocations PASSED [  9%]
tests/test_compute_vulkan.py::test_vulkan_compute_sequence_dispatches_on_raster_device PASSED [  9%]
tests/test_custom_geometry_batch.py::test_bulk_matches_existing_wire_contract_and_objects PASSED [  9%]
tests/test_custom_geometry_batch.py::test_box_adapter_matches_per_box_geometry_including_inactive PASSED [  9%]
tests/test_custom_geometry_batch.py::test_snapshot_owns_immutable_arrays PASSED [  9%]
tests/test_custom_geometry_batch.py::test_invalid_arrays_rejected[kwargs0] PASSED [  9%]
tests/test_custom_geometry_batch.py::test_invalid_arrays_rejected[kwargs1] PASSED [  9%]
tests/test_custom_geometry_batch.py::test_invalid_arrays_rejected[kwargs2] PASSED [ 10%]
tests/test_custom_geometry_batch.py::test_invalid_arrays_rejected[kwargs3] PASSED [ 10%]
tests/test_custom_geometry_batch.py::test_invalid_arrays_rejected[kwargs4] PASSED [ 10%]
tests/test_custom_geometry_batch.py::test_invalid_arrays_rejected[kwargs5] PASSED [ 10%]
tests/test_custom_geometry_batch.py::test_invalid_arrays_rejected[kwargs6] PASSED [ 10%]
tests/test_custom_geometry_batch.py::test_invalid_arrays_rejected[kwargs7] PASSED [ 10%]
tests/test_custom_geometry_batch.py::test_invalid_arrays_rejected[kwargs8] PASSED [ 10%]
tests/test_custom_geometry_batch.py::test_invalid_arrays_rejected[kwargs9] PASSED [ 10%]
tests/test_custom_geometry_batch.py::test_invalid_arrays_rejected[kwargs10] PASSED [ 10%]
tests/test_custom_geometry_batch.py::test_invalid_arrays_rejected[kwargs11] PASSED [ 10%]
tests/test_custom_geometry_batch.py::test_scene_rejects_invalid_material_boundary_relationships[kwargs0-custom material] PASSED [ 10%]
tests/test_custom_geometry_batch.py::test_scene_rejects_invalid_material_boundary_relationships[kwargs1-explicit medium boundary] PASSED [ 10%]
tests/test_custom_geometry_batch.py::test_scene_rejects_invalid_material_boundary_relationships[kwargs2-dielectric material] PASSED [ 11%]
tests/test_custom_geometry_batch.py::test_scene_rejects_invalid_material_boundary_relationships[kwargs3-unknown boundary] PASSED [ 11%]
tests/test_custom_geometry_batch.py::test_program_conflicts_are_rejected PASSED [ 11%]
tests/test_custom_geometry_batch.py::test_packing_sparse_edits_and_growth_does_not_expand_batch PASSED [ 11%]
tests/test_custom_geometry_batch.py::test_scene_constructor_uploads_bulk_without_expansion PASSED [ 11%]
tests/test_custom_hit_gpu.py::test_heterogeneous_chunks_and_closest_hits PASSED [ 11%]
tests/test_custom_hit_gpu.py::test_invalid_custom_attributes[hit.material=999u;-32] PASSED [ 11%]
tests/test_custom_hit_gpu.py::test_invalid_custom_attributes[hit.boundary=999u;-32] PASSED [ 11%]
tests/test_custom_hit_gpu.py::test_invalid_custom_attributes[hit.boundary=OL_NO_BOUNDARY;-32] PASSED [ 11%]
tests/test_custom_hit_gpu.py::test_invalid_custom_attributes[hit.flags=128u;-32] PASSED [ 11%]
tests/test_custom_hit_gpu.py::test_invalid_custom_attributes[hit.shading_normal=vec3(0,0,-1);-1] PASSED [ 11%]
tests/test_custom_hit_gpu.py::test_invalid_custom_attributes[hit.uv=vec2(uintBitsToFloat(0x7fc00000u));-1] PASSED [ 12%]
tests/test_custom_hit_gpu.py::test_inherited_attributes_and_explicit_boundary_clear[False] PASSED [ 12%]
tests/test_custom_hit_gpu.py::test_inherited_attributes_and_explicit_boundary_clear[True] PASSED [ 12%]
tests/test_custom_hit_gpu.py::test_per_hit_dielectric_transport_matches_legacy_sphere PASSED [ 12%]
tests/test_denoiser_capture_motion.py::test_capture_motion_projects_previous_world_position[0-0] PASSED [ 12%]
tests/test_denoiser_capture_motion.py::test_capture_motion_projects_previous_world_position[0.3-0] PASSED [ 12%]
tests/test_denoiser_capture_motion.py::test_capture_motion_projects_previous_world_position[0-0.2] PASSED [ 12%]
tests/test_denoiser_motion_diagnostic.py::test_offscreen_frame_index_reaches_stochastic_camera_state PASSED [ 12%]
tests/test_denoiser_motion_diagnostic.py::test_previous_depth_uses_previous_camera_and_background_mask PASSED [ 12%]
tests/test_denoiser_motion_diagnostic.py::test_region_error_is_local_and_absent_region_is_not_perfect_score PASSED [ 12%]
tests/test_denoiser_motion_diagnostic.py::test_nrd_split_camera_preserves_transform_and_column_major_layout PASSED [ 12%]
tests/test_denoiser_motion_diagnostic.py::test_geometry_edge_mask_uses_guides_without_wrapping_or_noise PASSED [ 12%]
tests/test_denoiser_motion_diagnostic.py::test_capture_uses_live_probability_partition_instead_of_sampled_lobe PASSED [ 13%]
tests/test_denoising_signals.py::DenoiserSignalTests::test_atrous_iteration_constants_are_portable_push_constants PASSED [ 13%]
tests/test_denoising_signals.py::DenoiserSignalTests::test_contract_rejects_negative_hit_distance PASSED [ 13%]
tests/test_denoising_signals.py::DenoiserSignalTests::test_contract_rejects_non_unit_foreground_normals PASSED [ 13%]
tests/test_denoising_signals.py::DenoiserSignalTests::test_contract_round_trip_preserves_exact_signals PASSED [ 13%]
tests/test_denoising_signals.py::DenoiserSignalTests::test_deterministic_relax_integration_has_no_band_or_finite_regression PASSED [ 13%]
tests/test_denoising_signals.py::DenoiserSignalTests::test_nrd_adapter_is_optional PASSED [ 13%]
tests/test_denoising_signals.py::DenoiserSignalTests::test_nrd_adapter_preserves_sequence_in_one_bridge_call PASSED [ 13%]
tests/test_denoising_signals.py::DenoiserSignalTests::test_nrd_adapter_validates_bridge_result PASSED [ 13%]
tests/test_denoising_signals.py::DenoiserSignalTests::test_nrd_adapter_validates_gpu_benchmark_telemetry PASSED [ 13%]
tests/test_denoising_signals.py::DenoiserSignalTests::test_nrd_benchmark_rejects_wall_clock_substitution PASSED [ 13%]
tests/test_denoising_signals.py::DenoiserSignalTests::test_ordinary_shade_denoiser_kernels_compile_for_both_targets PASSED [ 14%]
tests/test_denoising_signals.py::DenoiserSignalTests::test_portable_oracle_camera_cut_discards_history PASSED [ 14%]
tests/test_denoising_signals.py::DenoiserSignalTests::test_portable_oracle_reduces_temporal_noise_and_preserves_edge PASSED [ 14%]
tests/test_denoising_signals.py::DenoiserSignalTests::test_portable_specular_firefly_clamp_preserves_diffuse PASSED [ 14%]
tests/test_denoising_signals.py::DenoiserSignalTests::test_prepare_kernel_emits_canonical_signal_outputs PASSED [ 14%]
tests/test_denoising_signals.py::DenoiserSignalTests::test_quality_baseline_requires_explicit_regression_override PASSED [ 14%]
tests/test_denoising_signals.py::DenoiserSignalTests::test_reference_quality_gate_consumes_saved_signal_sequence PASSED [ 14%]
tests/test_denoising_signals.py::DenoiserSignalTests::test_sequence_evaluation_compares_portable_and_reference_outputs PASSED [ 14%]
tests/test_denoising_signals.py::DenoiserSignalTests::test_sequence_evaluation_validates_ground_truth_extent PASSED [ 14%]
tests/test_denoising_signals.py::DenoiserSignalTests::test_surface_presenter_exposes_signal_capture_on_its_existing_core PASSED [ 14%]
tests/test_denoising_signals.py::DenoiserSignalTests::test_temporal_kernel_clamps_reprojected_history PASSED [ 14%]
tests/test_denoising_signals.py::DenoiserSignalTests::test_temporal_kernel_rejects_different_primitive_identity PASSED [ 15%]
tests/test_denoising_signals.py::DenoiserSignalTests::test_temporal_kernel_rejects_reactive_luminance_history PASSED [ 15%]
tests/test_denoising_signals.py::DenoiserSignalTests::test_temporal_kernel_requires_explicitly_valid_history PASSED [ 15%]
tests/test_denoising_signals.py::DenoiserSignalTests::test_temporal_kernel_validates_expected_previous_camera_depth PASSED [ 15%]
tests/test_denoising_signals.py::DenoiserSignalTests::test_visual_metrics_detect_repeating_horizontal_corruption PASSED [ 15%]
tests/test_dependency_boundary.py::test_ordinarylight_does_not_import_ordinaryscience PASSED [ 15%]
tests/test_device_buffers.py::test_device_upload_partial_gpu_write_and_readback PASSED [ 15%]
tests/test_dynamic_resolution.py::DynamicResolutionControllerTests::test_hysteresis_and_update_interval_prevent_churn PASSED [ 15%]
tests/test_dynamic_resolution.py::DynamicResolutionControllerTests::test_reduces_and_recovers_scale_with_bounded_steps PASSED [ 15%]
tests/test_dynamic_resolution.py::DynamicResolutionControllerTests::test_rejects_invalid_configuration_and_samples PASSED [ 15%]
tests/test_dynamic_resolution.py::DynamicResolutionControllerTests::test_resolution_normalizes_changing_sample_work PASSED [ 15%]
tests/test_dynamic_resolution.py::DynamicSampleControllerTests::test_drops_samples_when_over_budget PASSED [ 15%]
tests/test_dynamic_resolution.py::DynamicSampleControllerTests::test_raises_samples_to_use_available_motion_budget PASSED [ 16%]
tests/test_dynamic_resolution.py::DynamicSampleControllerTests::test_rejects_invalid_sample_range PASSED [ 16%]
tests/test_dynamic_resolution.py::DynamicSampleControllerTests::test_resolution_recovery_takes_priority_over_extra_samples PASSED [ 16%]
tests/test_easu.py::test_easu_kernel_compiles_for_both_shader_languages PASSED [ 16%]
tests/test_easu.py::test_easu_port_is_selectable_without_changing_defaults PASSED [ 16%]
tests/test_effects.py::ObjectEffectTests::test_outline_is_an_immutable_validated_effect PASSED [ 16%]
tests/test_effects.py::ObjectEffectTests::test_picking_does_not_create_effect_state PASSED [ 16%]
tests/test_effects.py::ObjectEffectTests::test_surface_effects_are_immutable_and_validated PASSED [ 16%]
tests/test_emissive_sampling_gpu.py::test_small_triangle_light_integral_and_variance PASSED [ 16%]
tests/test_emissive_sampling_gpu.py::test_sampled_sdf_sphere_matches_projected_solid_angle[environment0] PASSED [ 16%]
tests/test_emissive_sampling_gpu.py::test_sampled_sdf_sphere_matches_projected_solid_angle[environment1] PASSED [ 16%]
tests/test_emissive_sampling_gpu.py::test_heterogeneous_chunk_emission_and_resource_update PASSED [ 17%]
tests/test_emissive_sampling_gpu.py::test_invalid_custom_sampler_fails_paths[invalidSample0] PASSED [ 17%]
tests/test_emissive_sampling_gpu.py::test_invalid_custom_sampler_fails_paths[invalidSample1] PASSED [ 17%]
tests/test_emissive_sampling_gpu.py::test_invalid_custom_sampler_fails_paths[invalidSample2] PASSED [ 17%]
tests/test_emissive_sampling_gpu.py::test_invalid_custom_sampler_fails_paths[invalidSample3] PASSED [ 17%]
tests/test_emissive_sampling_gpu.py::test_invalid_custom_sampler_fails_paths[invalidSample4] PASSED [ 17%]
tests/test_emissive_sampling_gpu.py::test_invalid_custom_sampler_fails_paths[invalidSample5] PASSED [ 17%]
tests/test_emissive_sampling_gpu.py::test_unregistered_custom_sampler_preserves_bsdf_emission PASSED [ 17%]
tests/test_emitter_visibility_rejection.py::test_lighting_artifact_matches_typed_source PASSED [ 17%]
tests/test_emitter_visibility_rejection.py::test_native_emitter_zero_rejection_preserves_sampling[contribution0-False] PASSED [ 17%]
tests/test_emitter_visibility_rejection.py::test_native_emitter_zero_rejection_preserves_sampling[contribution1-False] PASSED [ 17%]
tests/test_emitter_visibility_rejection.py::test_native_emitter_zero_rejection_preserves_sampling[contribution2-True] PASSED [ 17%]
tests/test_emitter_visibility_rejection.py::test_native_emitter_zero_rejection_preserves_sampling[contribution3-True] PASSED [ 18%]
tests/test_emitter_visibility_rejection.py::test_native_emitter_zero_rejection_preserves_sampling[contribution4-True] PASSED [ 18%]
tests/test_emitter_visibility_rejection.py::test_native_emitter_zero_rejection_preserves_sampling[contribution5-True] PASSED [ 18%]
tests/test_fsr2.py::test_fsr2_configuration_requires_compatible_guides PASSED [ 18%]
tests/test_fsr2.py::test_missing_optional_bridge_has_actionable_error PASSED [ 18%]
tests/test_fsr2_context.py::test_history_published_only_after_submission PASSED [ 18%]
tests/test_fsr2_context.py::test_abandoned_recording_resets_and_rejects_old_token PASSED [ 18%]
tests/test_fsr2_context.py::test_dispatch_error_invalidates_history PASSED [ 18%]
tests/test_fsr2_context.py::test_invalid_extents_rejected_before_loading_bridge[extent0-output0] PASSED [ 18%]
tests/test_fsr2_context.py::test_invalid_extents_rejected_before_loading_bridge[extent1-output1] PASSED [ 18%]
tests/test_fsr2_context.py::test_invalid_extents_rejected_before_loading_bridge[extent2-output2] PASSED [ 18%]
tests/test_fsr2_graph.py::test_independent_fsr2_preparation_history_and_lifetime PASSED [ 19%]
tests/test_fused_resolve.py::test_fused_resolve_policy[False-False-False] PASSED [ 19%]
tests/test_fused_resolve.py::test_fused_resolve_policy[False-False-True] PASSED [ 19%]
tests/test_fused_resolve.py::test_fused_resolve_policy[False-True-False] PASSED [ 19%]
tests/test_fused_resolve.py::test_fused_resolve_policy[False-True-True] PASSED [ 19%]
tests/test_fused_resolve.py::test_fused_resolve_policy[True-False-False] PASSED [ 19%]
tests/test_fused_resolve.py::test_fused_resolve_policy[True-False-True] PASSED [ 19%]
tests/test_fused_resolve.py::test_fused_resolve_policy[True-True-False] PASSED [ 19%]
tests/test_fused_resolve.py::test_fused_resolve_policy[True-True-True] PASSED [ 19%]
tests/test_fused_resolve.py::test_combined_shader_compiles[False] PASSED [ 19%]
tests/test_fused_resolve.py::test_combined_shader_compiles[True] PASSED  [ 19%]
tests/test_fused_resolve.py::test_flag_rejects_non_boolean PASSED        [ 20%]
tests/test_fused_resolve.py::test_disabled_denoiser_retains_separate_resolve PASSED [ 20%]
tests/test_fused_resolve.py::test_environment_early_reject_compiles_and_validates PASSED [ 20%]
tests/test_gi_performance_summary.py::test_gpu_stages_group_bounces_without_adding_host_waits PASSED [ 20%]
tests/test_gi_performance_summary.py::test_missing_gpu_samples_are_safe_during_startup PASSED [ 20%]
tests/test_gi_performance_summary.py::test_scaled_output_dimensions_are_explicit PASSED [ 20%]
tests/test_gi_pipeline.py::test_primary_hit_export_requires_a_supported_execution_kernel PASSED [ 20%]
tests/test_gi_pipeline.py::test_default_and_temporal_upscaling_dependency_order PASSED [ 20%]
tests/test_gi_pipeline.py::test_application_can_insert_a_stage_using_produced_hdr PASSED [ 20%]
tests/test_gi_pipeline.py::test_frame_resources_are_borrowed_read_only_snapshots PASSED [ 20%]
tests/test_gi_pipeline.py::test_changing_composition_invalidates_commands_and_history PASSED [ 20%]
tests/test_gi_pipeline.py::test_lighting_only_composition_and_hdr_processing_order PASSED [ 20%]
tests/test_gi_pipeline.py::test_reusable_composition_and_separate_history_invalidation PASSED [ 21%]
tests/test_gi_pipeline.py::test_named_image_views_reject_retirement_and_are_cached PASSED [ 21%]
tests/test_gi_pipeline.py::test_presenter_reconfiguration_validates_before_mutation PASSED [ 21%]
tests/test_glass_detail_showcase.py::test_motion_is_isolated_and_holds[glass-detail-motion-True] PASSED [ 21%]
tests/test_glass_detail_showcase.py::test_motion_is_isolated_and_holds[glass-detail-target-False] PASSED [ 21%]
tests/test_glass_detail_showcase.py::test_camera_mode_has_static_geometry PASSED [ 21%]
tests/test_glfw_viewport.py::NativeViewportTests::test_controller_and_run_callback PASSED [ 21%]
tests/test_glfw_viewport.py::NativeViewportTests::test_cursor_pixel_uses_framebuffer_scale PASSED [ 21%]
tests/test_glfw_viewport.py::NativeViewportTests::test_scene_camera_reset_close_and_close_request PASSED [ 21%]
tests/test_glfw_viewport.py::NativeViewportTests::test_step_shares_scene_camera_and_returns_statistics PASSED [ 21%]
tests/test_gltf.py::GltfLoaderTests::test_loader_namespace_is_canonical_and_compatible PASSED [ 21%]
tests/test_gltf.py::GltfLoaderTests::test_loads_normalized_skin_weights_and_joint_animation PASSED [ 22%]
tests/test_gltf.py::GltfLoaderTests::test_loads_sparse_only_position_accessor PASSED [ 22%]
tests/test_gltf.py::GltfLoaderTests::test_loads_transmission_fixture PASSED [ 22%]
tests/test_gltf.py::GltfLoaderTests::test_rejects_required_unsupported_extensions PASSED [ 22%]
tests/test_gltf.py::GltfLoaderTests::test_repeated_nodes_share_one_mesh_resource PASSED [ 22%]
tests/test_gpu_frames.py::GpuFrameTests::test_cached_release_semaphore_can_release_without_reexport PASSED [ 22%]
tests/test_gpu_frames.py::GpuFrameTests::test_frame_close_is_idempotent_and_prevents_export PASSED [ 22%]
tests/test_gpu_frames.py::GpuFrameTests::test_implementation_without_gpu_output_reports_capability_error PASSED [ 22%]
tests/test_gpu_frames.py::GpuFrameTests::test_renderer_forwards_gpu_pixel_format PASSED [ 22%]
tests/test_gpu_frames.py::GpuFrameTests::test_renderer_returns_owned_gpu_frame_without_numpy_conversion PASSED [ 22%]
tests/test_gpu_reduction.py::test_gpu_counts_maps_weights_and_zero_work PASSED [ 22%]
tests/test_gpu_reduction.py::test_invalid_gpu_map_is_rejected_before_accumulation[1] PASSED [ 22%]
tests/test_gpu_reduction.py::test_invalid_gpu_map_is_rejected_before_accumulation[2] PASSED [ 23%]
tests/test_gpu_reduction.py::test_invalid_gpu_map_is_rejected_before_accumulation[3] PASSED [ 23%]
tests/test_gpu_reduction.py::test_invalid_gpu_map_is_rejected_before_accumulation[4] PASSED [ 23%]
tests/test_gpu_reduction.py::test_invalid_gpu_map_is_rejected_before_accumulation[5] PASSED [ 23%]
tests/test_gpu_reduction.py::test_invalid_gpu_map_is_rejected_before_accumulation[6] PASSED [ 23%]
tests/test_gpu_reduction.py::test_invalid_gpu_map_is_rejected_before_accumulation[7] PASSED [ 23%]
tests/test_gpu_reduction.py::test_invalid_gpu_map_is_rejected_before_accumulation[8] PASSED [ 23%]
tests/test_gpu_reduction.py::test_invalid_gpu_map_is_rejected_before_accumulation[9] PASSED [ 23%]
tests/test_gpu_reduction.py::test_capacity_migration_preserves_gpu_data_history_and_epoch PASSED [ 23%]
tests/test_gpu_reduction.py::test_invalid_capacity_migration_keeps_original_usable PASSED [ 23%]
tests/test_graph_plan_cache.py::test_schedule_reuse_keeps_fresh_callbacks_revisions_and_no_owners PASSED [ 23%]
tests/test_graph_plan_cache.py::test_barrier_replay_reads_current_layout_and_preserves_range_hazards PASSED [ 24%]
tests/test_high_level_renderer.py::RendererTests::test_async_render_is_nonblocking_ordered_and_reports_statistics PASSED [ 24%]
tests/test_high_level_renderer.py::RendererTests::test_explicit_capability_contract_is_normalized PASSED [ 24%]
tests/test_high_level_renderer.py::RendererTests::test_explicit_frame_and_caller_owned_output PASSED [ 24%]
tests/test_high_level_renderer.py::RendererTests::test_high_level_renderer_accepts_all_public_camera_models PASSED [ 24%]
tests/test_high_level_renderer.py::RendererTests::test_implementation_contract_is_structural_and_implementation_neutral PASSED [ 24%]
tests/test_high_level_renderer.py::RendererTests::test_motion_product_tracks_rigid_object_transform PASSED [ 24%]
tests/test_high_level_renderer.py::RendererTests::test_named_output_validation_and_capabilities PASSED [ 24%]
tests/test_high_level_renderer.py::RendererTests::test_named_outputs_return_structured_frame PASSED [ 24%]
tests/test_high_level_renderer.py::RendererTests::test_object_effect_response_is_ordered_and_implementation_neutral PASSED [ 24%]
tests/test_high_level_renderer.py::RendererTests::test_pick_async_uses_portable_fallback_and_is_awaitable PASSED [ 24%]
tests/test_high_level_renderer.py::RendererTests::test_reconfigure_is_ordered_and_does_not_replace_implementation PASSED [ 25%]
tests/test_high_level_renderer.py::RendererTests::test_render_job_is_awaitable PASSED [ 25%]
tests/test_high_level_renderer.py::RendererTests::test_renderer_exposes_implementation_accumulation_state PASSED [ 25%]
tests/test_high_level_renderer.py::RendererTests::test_replace_scene_requires_implementation_support PASSED [ 25%]
tests/test_high_level_renderer.py::RendererTests::test_replace_scene_reuses_implementation_and_resets_sequence PASSED [ 25%]
tests/test_high_level_renderer.py::RendererTests::test_returns_hdr_and_advances_deterministic_sequence PASSED [ 25%]
tests/test_high_level_renderer.py::RendererTests::test_statistics_preserve_implementation_timings_without_name_collisions PASSED [ 25%]
tests/test_high_level_renderer.py::RendererTests::test_validates_inputs_and_owns_implementation_lifetime PASSED [ 25%]
tests/test_indirect_apply.py::test_empty_reservoir_output[apply] PASSED  [ 25%]
tests/test_indirect_apply.py::test_empty_reservoir_output[radiance] PASSED [ 25%]
tests/test_indirect_apply.py::test_empty_reservoir_output[history] PASSED [ 25%]
tests/test_indirect_candidates.py::test_empty_candidate_geometry[False] PASSED [ 25%]
tests/test_indirect_candidates.py::test_empty_candidate_geometry[True] PASSED [ 26%]
tests/test_indirect_clear.py::test_reservoir_clear_preserves_tail_and_handles_empty_range PASSED [ 26%]
tests/test_indirect_reuse.py::IndirectReuseTests::test_candidate_generation_is_separate_and_screen_space_bounded PASSED [ 26%]
tests/test_indirect_reuse.py::IndirectReuseTests::test_compact_abi_round_trip_stays_within_error_bounds PASSED [ 26%]
tests/test_indirect_reuse.py::IndirectReuseTests::test_empty_compact_reservoir_round_trips PASSED [ 26%]
tests/test_indirect_reuse.py::IndirectReuseTests::test_full_resolution_4k_plan_is_rejected PASSED [ 26%]
tests/test_indirect_reuse.py::IndirectReuseTests::test_glsl_abi_uses_six_raw_words PASSED [ 26%]
tests/test_indirect_reuse.py::IndirectReuseTests::test_half_resolution_4k_plan_fits_default_budget PASSED [ 26%]
tests/test_indirect_reuse.py::IndirectReuseTests::test_history_budget_tracks_screen_space_motion PASSED [ 26%]
tests/test_indirect_reuse.py::IndirectReuseTests::test_history_limit_preserves_normalization PASSED [ 26%]
tests/test_indirect_reuse.py::IndirectReuseTests::test_invalid_candidate_and_plan_are_rejected PASSED [ 26%]
tests/test_indirect_reuse.py::IndirectReuseTests::test_reconnection_merge_applies_jacobian PASSED [ 27%]
tests/test_indirect_reuse.py::IndirectReuseTests::test_vulkan_storage_has_isolated_one_time_clear_pass PASSED [ 27%]
tests/test_indirect_reuse.py::IndirectReuseTests::test_vulkan_storage_is_budgeted_and_resize_owned PASSED [ 27%]
tests/test_instancing.py::InstancingTests::test_batch_update_is_atomic_and_changes_revision_once PASSED [ 27%]
tests/test_instancing.py::InstancingTests::test_bulk_creation_validates_before_attaching_anything PASSED [ 27%]
tests/test_instancing.py::InstancingTests::test_column_oriented_creation_and_updates_are_single_revisions PASSED [ 27%]
tests/test_instancing.py::InstancingTests::test_legacy_geometry_update_detaches_one_shared_instance PASSED [ 27%]
tests/test_instancing.py::InstancingTests::test_resource_cannot_be_removed_while_instances_reference_it PASSED [ 27%]
tests/test_instancing.py::InstancingTests::test_shared_resource_has_independent_instances_and_stable_ids PASSED [ 27%]
tests/test_instancing.py::InstancingTests::test_shared_resource_update_reaches_all_instances PASSED [ 27%]
tests/test_instancing.py::InstancingTests::test_statistics_measure_shared_geometry_without_expansion PASSED [ 27%]
tests/test_instancing.py::InstancingTests::test_visibility_excludes_instance_without_recycling_id PASSED [ 27%]
tests/test_intersection_graph.py::test_intersection_records_and_empty_queue[False] PASSED [ 28%]
tests/test_intersection_graph.py::test_intersection_records_and_empty_queue[True] PASSED [ 28%]
tests/test_intersection_graph.py::test_generation_and_intersection_compose_in_dependency_order PASSED [ 28%]
tests/test_lifecycle_diagnostics.py::test_timed_call_preserves_arguments_and_result PASSED [ 28%]
tests/test_lifecycle_diagnostics.py::test_timed_call_logs_failed_driver_call_without_swallowing_error PASSED [ 28%]
tests/test_lights.py::SemanticResourceTests::test_camera_models_validate_projection_parameters PASSED [ 28%]
tests/test_lights.py::SemanticResourceTests::test_canonical_namespaces_retain_compatibility_aliases PASSED [ 28%]
tests/test_lights.py::SemanticResourceTests::test_hdr_environment_is_unique_and_uses_scene_texture_transport PASSED [ 28%]
tests/test_lights.py::SemanticResourceTests::test_reference_camera_models_generate_distinct_rays PASSED [ 28%]
tests/test_lights.py::SemanticResourceTests::test_scene_packs_all_analytic_light_types PASSED [ 28%]
tests/test_lights.py::SemanticResourceTests::test_typed_updates_and_snapshot PASSED [ 28%]
tests/test_lights.py::SemanticResourceTests::test_validates_direction_and_spot_cones PASSED [ 29%]
tests/test_material_graph.py::test_graph_compiles_to_camera_contract PASSED [ 29%]
tests/test_material_graph.py::test_graph_rejects_invalid_connections PASSED [ 29%]
tests/test_material_kernel_graph.py::test_material_set_reads_graph_image_producer PASSED [ 29%]
tests/test_material_resource_layout.py::test_layout_orders_bindings_and_validates_declarations PASSED [ 29%]
tests/test_material_resource_layout.py::test_shader_prepares_without_device PASSED [ 29%]
tests/test_materials.py::MaterialProgramTests::test_custom_inline_continuation_termination_compiles PASSED [ 29%]
tests/test_materials.py::MaterialProgramTests::test_layered_material_evaluation_compiles_for_gi PASSED [ 29%]
tests/test_materials.py::MaterialProgramTests::test_material_declares_and_specializes_vertex_attributes PASSED [ 29%]
tests/test_materials.py::MaterialProgramTests::test_material_modifier_forces_empty_gi_attribute_layout PASSED [ 29%]
tests/test_materials.py::MaterialProgramTests::test_material_rejects_conflicting_attribute_declarations PASSED [ 29%]
tests/test_materials.py::MaterialProgramTests::test_multiple_programs_generate_dispatcher_and_ids PASSED [ 30%]
tests/test_materials.py::MaterialProgramTests::test_portable_surface_modifier_compiles_for_all_gi_stages PASSED [ 30%]
tests/test_materials.py::MaterialProgramTests::test_primary_transmission_capture_is_limited_to_denoising PASSED [ 30%]
tests/test_materials.py::MaterialProgramTests::test_python_material_generates_typed_glsl PASSED [ 30%]
tests/test_materials.py::MaterialProgramTests::test_rejects_python_branching_on_symbolic_value PASSED [ 30%]
tests/test_materials.py::MaterialProgramTests::test_rejects_wrong_result_type PASSED [ 30%]
tests/test_materials.py::MaterialProgramTests::test_staged_attribute_material_shaders_compile 
tests/test_materials.py::MaterialProgramTests::test_staged_attribute_material_shaders_compile PASSED [ 30%]
tests/test_materials.py::MaterialProgramTests::test_stochastic_fresnel_program_compiles PASSED [ 30%]
tests/test_materials.py::MaterialProgramTests::test_surface_response_controls_scattering PASSED [ 30%]
tests/test_materials.py::MaterialProgramTests::test_vulkan_material_layout_is_derived_without_default_allocation PASSED [ 30%]
tests/test_native_gi_composition.py::test_reusable_application_graph_shares_native_hdr_and_submission PASSED [ 30%]
tests/test_native_gi_composition.py::test_standalone_native_history_matches_presentation PASSED [ 30%]
tests/test_native_gi_composition.py::test_application_modifies_denoised_hdr_without_overwriting_raw PASSED [ 31%]
tests/test_native_gi_composition.py::test_direct_composed_motion_parity[bilinear] PASSED [ 31%]
tests/test_native_gi_composition.py::test_direct_composed_motion_parity[fsr1-shade] PASSED [ 31%]
tests/test_native_gi_composition.py::test_direct_composed_motion_parity[fsr2] PASSED [ 31%]
tests/test_native_gi_composition.py::test_native_resize_scale_and_retirement[fsr1-shade] PASSED [ 31%]
tests/test_native_gi_composition.py::test_native_resize_scale_and_retirement[fsr2] PASSED [ 31%]
tests/test_native_gi_composition.py::test_repeated_scene_replacement[fsr1-shade] PASSED [ 31%]
tests/test_native_gi_composition.py::test_repeated_scene_replacement[fsr2] PASSED [ 31%]
tests/test_native_gi_composition.py::test_repeated_gi_raster_surface_handoff PASSED [ 31%]
tests/test_native_intersection.py::test_shared_query_and_callback_compile_from_typed_sources PASSED [ 31%]
tests/test_native_intersection.py::test_custom_nearest_hit_slot_face_and_visibility PASSED [ 31%]
tests/test_native_intersection.py::test_native_geometry_program_compiles_typed_resources_and_callbacks PASSED [ 32%]
tests/test_native_intersection.py::test_custom_surface_in_native_camera_gi PASSED [ 32%]
tests/test_native_intersection.py::test_native_boundary_callback_is_typed_and_optional PASSED [ 32%]
tests/test_native_intersection.py::test_native_boundary_primary_secondary_and_visibility PASSED [ 32%]
tests/test_native_intersection.py::test_native_emitter_program_requires_matching_typed_callbacks PASSED [ 32%]
tests/test_native_intersection.py::test_native_emitters_nee_restir_and_path_hit_energy[False] PASSED [ 32%]
tests/test_native_intersection.py::test_native_emitters_nee_restir_and_path_hit_energy[True] PASSED [ 32%]
tests/test_native_intersection.py::test_native_buffer_views_require_leased_storage_owners PASSED [ 32%]
tests/test_native_intersection.py::test_native_buffers_lease_public_transport_scene_owner PASSED [ 32%]
tests/test_native_intersection.py::test_native_emitter_influence_is_optional_and_typed PASSED [ 32%]
tests/test_native_occlusion.py::test_boolean_visibility_is_typed_and_has_no_committed_payload_lookup PASSED [ 32%]
tests/test_native_occlusion.py::test_visibility_matches_surface_query[False-False] PASSED [ 32%]
tests/test_native_occlusion.py::test_visibility_matches_surface_query[True-False] PASSED [ 33%]
tests/test_native_occlusion.py::test_visibility_matches_surface_query[False-True] PASSED [ 33%]
tests/test_native_triangles.py::test_triangle_callback_and_confirmation_compile PASSED [ 33%]
tests/test_native_triangles.py::test_mixed_triangles_boxes_nearest_and_rejected_visibility[False] PASSED [ 33%]
tests/test_native_triangles.py::test_mixed_triangles_boxes_nearest_and_rejected_visibility[True] PASSED [ 33%]
tests/test_noise_quality_gate.py::NoiseQualityGateTests::test_baseline_records_override_reason PASSED [ 33%]
tests/test_noise_quality_gate.py::NoiseQualityGateTests::test_bright_edge_metric_detects_alternating_coverage PASSED [ 33%]
tests/test_noise_quality_gate.py::NoiseQualityGateTests::test_candidate_uses_relax_while_reference_stays_independent PASSED [ 33%]
tests/test_noise_quality_gate.py::NoiseQualityGateTests::test_configuration_change_requires_reacceptance PASSED [ 33%]
tests/test_noise_quality_gate.py::NoiseQualityGateTests::test_gpu_time_regression_fails PASSED [ 33%]
tests/test_noise_quality_gate.py::NoiseQualityGateTests::test_identical_and_improved_results_pass PASSED [ 33%]
tests/test_noise_quality_gate.py::NoiseQualityGateTests::test_lost_edge_contrast_fails PASSED [ 34%]
tests/test_noise_quality_gate.py::NoiseQualityGateTests::test_noise_regression_fails PASSED [ 34%]
tests/test_noise_quality_gate.py::NoiseQualityGateTests::test_structural_edge_metric_detects_blur PASSED [ 34%]
tests/test_noise_quality_gate.py::NoiseQualityGateTests::test_structural_edge_metric_suppresses_sample_scale_noise PASSED [ 34%]
tests/test_nvenc_output.py::NvencOutputTests::test_buffer_metadata_defaults_describe_eight_bit_storage PASSED [ 34%]
tests/test_nvenc_output.py::NvencOutputTests::test_encode_combines_idr_and_repeated_header_flags PASSED [ 34%]
tests/test_nvenc_output.py::NvencOutputTests::test_encode_falls_back_to_positional_picture_flags PASSED [ 34%]
tests/test_nvenc_output.py::NvencOutputTests::test_encode_uses_unflagged_path_for_normal_frames PASSED [ 34%]
tests/test_nvenc_output.py::NvencOutputTests::test_nv12_cuda_planes_preserve_external_pitch_and_offsets PASSED [ 34%]
tests/test_nvenc_output.py::NvencOutputTests::test_p010_cuda_planes_use_msb_aligned_16_bit_storage PASSED [ 34%]
tests/test_nvenc_output.py::NvencOutputTests::test_request_keyframe_is_coalesced_and_retained PASSED [ 34%]
tests/test_nvenc_output.py::NvencOutputTests::test_request_keyframe_rejects_closed_writer PASSED [ 35%]
tests/test_nvenc_output.py::NvencOutputTests::test_writer_rejects_p010_with_h264 PASSED [ 35%]
tests/test_nvenc_output.py::NvencOutputTests::test_writer_rejects_unsupported_pixel_format_before_loading_cuda PASSED [ 35%]
tests/test_optical_materials.py::test_advanced_material_showcases_enclose_subject_and_camera PASSED [ 35%]
tests/test_optical_materials.py::test_anisotropy_showcase_has_shared_hdr_incident_radiance PASSED [ 35%]
tests/test_optical_materials.py::test_clearcoat_showcase_uses_a_shared_shadow_capable_key_light PASSED [ 35%]
tests/test_optical_materials.py::test_subsurface_showcase_uses_presentation_grade_spheres PASSED [ 35%]
tests/test_optical_materials.py::test_subsurface_wrap_uses_signed_incidence_and_scattered_visibility PASSED [ 35%]
tests/test_optical_materials.py::test_terminator_serration_metric_rejects_high_frequency_teeth PASSED [ 35%]
tests/test_optical_materials.py::test_visual_parity_object_mask_rejects_gi_background_sentinel PASSED [ 35%]
tests/test_optical_materials.py::test_optical_material_parameters_validate_and_pack PASSED [ 35%]
tests/test_optical_materials.py::test_reflection_probe_is_scene_owned_and_validated PASSED [ 35%]
tests/test_optical_materials.py::test_reflection_probe_capture_policies_box_projection_and_selection PASSED [ 36%]
tests/test_optical_materials.py::test_automatic_probe_showcase_capture_origins_are_outside_subjects PASSED [ 36%]
tests/test_optical_materials.py::test_probe_capture_manager_captures_six_faces_and_tracks_scene_revision PASSED [ 36%]
tests/test_optical_materials.py::test_multiple_probe_images_are_blended_per_mesh_and_box_data_is_packed PASSED [ 36%]
tests/test_optical_materials.py::test_raster_scene_packs_environment_and_transparency PASSED [ 36%]
tests/test_optical_materials.py::test_transparency_sort_uses_signed_camera_space_depth PASSED [ 36%]
tests/test_optical_materials.py::test_gi_sources_keep_nested_media_tir_and_beer_absorption PASSED [ 36%]
tests/test_optical_materials.py::test_optical_showcases_construct_distinct_valid_scenes PASSED [ 36%]
tests/test_optical_materials.py::test_optical_diorama_receivers_face_the_room_and_key_light PASSED [ 36%]
tests/test_optical_materials.py::test_native_targets_split_transparent_depth_write_pass PASSED [ 36%]
tests/test_optical_materials.py::test_screen_space_projection_uses_attachment_y_orientation PASSED [ 36%]
tests/test_optical_materials.py::test_point_shadow_compare_bias_preserves_distant_occluders PASSED [ 37%]
tests/test_optical_materials.py::test_screen_space_optics_does_not_require_an_environment_map PASSED [ 37%]
tests/test_optical_materials.py::test_screen_space_optics_is_explicit_and_preserves_environment_default PASSED [ 37%]
tests/test_optical_materials.py::test_screen_space_optics_partitions_prepass_and_optical_draws PASSED [ 37%]
tests/test_optical_materials.py::test_native_targets_composite_screen_space_optics_in_bounded_layers PASSED [ 37%]
tests/test_optical_materials.py::test_vulkan_disjoint_transmissive_layers_sample_immutable_opaque_scene PASSED [ 37%]
tests/test_optical_materials.py::test_screen_space_optical_draws_sort_far_to_near_from_either_side PASSED [ 37%]
tests/test_optical_materials.py::test_nested_dielectric_shell_order_is_stable_under_camera_motion PASSED [ 37%]
tests/test_optical_materials.py::test_nested_dielectric_showcase_uses_layered_screen_space_optics_only PASSED [ 37%]
tests/test_optical_materials.py::test_thin_transmission_showcase_uses_screen_space_optics_and_solid_depth PASSED [ 37%]
tests/test_optical_materials.py::test_nested_dielectric_visual_gate_has_multiple_fixed_pose_baselines PASSED [ 37%]
tests/test_optical_materials.py::test_absorption_showcase_has_a_scene_radiance_probe PASSED [ 37%]
tests/test_optical_materials.py::test_screen_transmission_preserves_composited_nested_layers PASSED [ 38%]
tests/test_optical_materials.py::test_dielectric_composition_splits_reflection_and_refraction_energy PASSED [ 38%]
tests/test_optical_materials.py::test_nested_dielectric_fallback_is_not_enabled_for_neighboring_glass PASSED [ 38%]
tests/test_optical_materials.py::test_opaque_reflectors_are_available_to_neighboring_screen_rays PASSED [ 38%]
tests/test_optical_materials.py::test_screen_space_resources_are_portable_shader_bindings PASSED [ 38%]
tests/test_optical_materials.py::test_screen_space_refraction_projects_a_world_space_ray_endpoint PASSED [ 38%]
tests/test_optical_materials.py::test_refraction_diagnostics_are_public_and_shader_backed PASSED [ 38%]
tests/test_optical_materials.py::test_thick_refraction_models_a_second_closed_surface_interface PASSED [ 38%]
tests/test_optical_materials.py::test_dielectric_fresnel_is_derived_from_material_ior PASSED [ 38%]
tests/test_optical_normals_gpu.py::test_equal_optical_normal_matches_geometric_and_invalid_policy PASSED [ 38%]
tests/test_optical_normals_gpu.py::test_wrong_hemisphere_is_null_not_renormalized PASSED [ 38%]
tests/test_optical_normals_gpu.py::test_custom_optical_normals_keep_nested_medium_transitions[False-0.0] PASSED [ 39%]
tests/test_optical_normals_gpu.py::test_custom_optical_normals_keep_nested_medium_transitions[False-0.25] PASSED [ 39%]
tests/test_optical_normals_gpu.py::test_custom_optical_normals_keep_nested_medium_transitions[True-0.0] PASSED [ 39%]
tests/test_optical_normals_gpu.py::test_custom_optical_normals_keep_nested_medium_transitions[True-0.25] PASSED [ 39%]
tests/test_optical_normals_gpu.py::test_optical_tir_and_eta_weight_use_classified_media PASSED [ 39%]
tests/test_optional_dependency_boundaries.py::OptionalDependencyBoundaryTests::test_core_and_integration_modules_import_without_gui_packages PASSED [ 39%]
tests/test_ordinaryshade_color.py::OrdinaryShadeColorTests::test_checked_in_color_helpers_match_ordinaryshade_output SKIPPED [ 39%]
tests/test_ordinaryshade_color.py::OrdinaryShadeColorTests::test_generated_aces_helper_is_shared_by_color_output_stages PASSED [ 39%]
tests/test_ordinaryshade_core.py::OrdinaryShadeCoreShaderTests::test_atrous_denoiser_is_a_composed_generated_complete_stage PASSED [ 39%]
tests/test_ordinaryshade_core.py::OrdinaryShadeCoreShaderTests::test_bucketed_intersection_is_a_generated_complete_stage PASSED [ 39%]
tests/test_ordinaryshade_core.py::OrdinaryShadeCoreShaderTests::test_buffer_ray_query_is_a_generated_complete_stage PASSED [ 39%]
tests/test_ordinaryshade_core.py::OrdinaryShadeCoreShaderTests::test_checked_in_stage_matches_ordinaryshade_output SKIPPED [ 40%]
tests/test_ordinaryshade_core.py::OrdinaryShadeCoreShaderTests::test_complete_wavefront_shade_candidate_compiles SKIPPED [ 40%]
tests/test_ordinaryshade_core.py::OrdinaryShadeCoreShaderTests::test_display_tone_map_is_a_composed_generated_complete_stage PASSED [ 40%]
tests/test_ordinaryshade_core.py::OrdinaryShadeCoreShaderTests::test_image_ray_query_is_a_generated_complete_stage PASSED [ 40%]
tests/test_ordinaryshade_core.py::OrdinaryShadeCoreShaderTests::test_indirect_candidates_is_a_generated_complete_stage PASSED [ 40%]
tests/test_ordinaryshade_core.py::OrdinaryShadeCoreShaderTests::test_indirect_clear_is_a_generated_complete_stage PASSED [ 40%]
tests/test_ordinaryshade_core.py::OrdinaryShadeCoreShaderTests::test_indirect_debug_is_a_generated_complete_stage PASSED [ 40%]
tests/test_ordinaryshade_core.py::OrdinaryShadeCoreShaderTests::test_indirect_reuse_probe_is_a_generated_complete_stage PASSED [ 40%]
tests/test_ordinaryshade_core.py::OrdinaryShadeCoreShaderTests::test_nv12_is_a_generated_complete_stage PASSED [ 40%]
tests/test_ordinaryshade_core.py::OrdinaryShadeCoreShaderTests::test_p010_is_a_composed_generated_complete_stage PASSED [ 40%]
tests/test_ordinaryshade_core.py::OrdinaryShadeCoreShaderTests::test_path_to_hdr_is_a_generated_complete_stage PASSED [ 40%]
tests/test_ordinaryshade_core.py::OrdinaryShadeCoreShaderTests::test_prepare_indirect_is_a_generated_complete_stage PASSED [ 40%]
tests/test_ordinaryshade_core.py::OrdinaryShadeCoreShaderTests::test_primary_ray_generation_is_a_generated_complete_stage PASSED [ 41%]
tests/test_ordinaryshade_core.py::OrdinaryShadeCoreShaderTests::test_ray_intersection_is_a_generated_complete_stage PASSED [ 41%]
tests/test_ordinaryshade_core.py::OrdinaryShadeCoreShaderTests::test_reconstruction_is_a_generated_complete_stage PASSED [ 41%]
tests/test_ordinaryshade_core.py::OrdinaryShadeCoreShaderTests::test_resolve_is_a_generated_complete_stage PASSED [ 41%]
tests/test_ordinaryshade_core.py::OrdinaryShadeCoreShaderTests::test_surface_only_stage_matches_installed_ordinaryshade_generator PASSED [ 41%]
tests/test_ordinaryshade_core.py::OrdinaryShadeCoreShaderTests::test_tone_map_image_is_a_generated_complete_stage PASSED [ 41%]
tests/test_ordinaryshade_core.py::OrdinaryShadeCoreShaderTests::test_tone_map_is_a_composed_generated_complete_stage PASSED [ 41%]
tests/test_ordinaryshade_core.py::OrdinaryShadeCoreShaderTests::test_wavefront_native_texture_sampling_is_typed SKIPPED [ 41%]
tests/test_ordinaryshade_core.py::OrdinaryShadeCoreShaderTests::test_wavefront_packed_texture_helpers_form_a_typed_module SKIPPED [ 41%]
tests/test_ordinaryshade_core.py::OrdinaryShadeCoreShaderTests::test_wavefront_pbr_helpers_form_a_typed_module SKIPPED [ 41%]
tests/test_ordinaryshade_core.py::OrdinaryShadeCoreShaderTests::test_wavefront_shade_candidate_volume_specializations_compile SKIPPED [ 41%]
tests/test_ordinaryshade_core.py::OrdinaryShadeCoreShaderTests::test_wavefront_shade_hit_loading_is_typed SKIPPED [ 42%]
tests/test_ordinaryshade_core.py::OrdinaryShadeCoreShaderTests::test_wavefront_volume_abi_and_interval_are_typed SKIPPED [ 42%]
tests/test_ordinaryshade_core.py::OrdinaryShadeCoreShaderTests::test_wavefront_work_counter_profiling_is_typed SKIPPED [ 42%]
tests/test_ordinaryshade_effects.py::OrdinaryShadeEffectTests::test_checked_in_helpers_match_ordinaryshade_output SKIPPED [ 42%]
tests/test_ordinaryshade_effects.py::OrdinaryShadeEffectTests::test_checked_in_tint_helper_is_used_by_reconstruction PASSED [ 42%]
tests/test_ordinaryshade_primary.py::OrdinaryShadePrimaryTests::test_checked_in_helpers_match_ordinaryshade_output SKIPPED [ 42%]
tests/test_ordinaryshade_primary.py::OrdinaryShadePrimaryTests::test_fused_primary_uses_generated_camera_helpers PASSED [ 42%]
tests/test_ordinaryshade_primary.py::OrdinaryShadePrimaryTests::test_fused_secondary_backend_orchestration_has_generated_default PASSED [ 42%]
tests/test_ordinaryshade_primary.py::OrdinaryShadePrimaryTests::test_obsolete_language_switches_cannot_disable_typed_helpers PASSED [ 42%]
tests/test_orthographic_history.py::test_history_projection_compiles_from_typed_sources PASSED [ 42%]
tests/test_orthographic_history.py::test_parallel_rays_reproject_independently_of_depth PASSED [ 42%]
tests/test_outputs.py::OutputTests::test_hdr_to_sdr_is_rgba_uint8_and_finite PASSED [ 42%]
tests/test_outputs.py::OutputTests::test_sdr_conversion_validates_shape_mode_and_dtype PASSED [ 43%]
tests/test_outputs.py::OutputTests::test_video_writer_builds_path_and_stream_commands PASSED [ 43%]
tests/test_outputs.py::OutputTests::test_video_writer_reports_missing_optional_encoder PASSED [ 43%]
tests/test_paired_spatial.py::test_paired_matches_fallback_with_resize_and_split_operations[1] PASSED [ 43%]
tests/test_paired_spatial.py::test_paired_matches_fallback_with_resize_and_split_operations[2] PASSED [ 43%]
tests/test_paired_spatial.py::test_paired_matches_fallback_with_resize_and_split_operations[3] PASSED [ 43%]
tests/test_paired_spatial.py::test_paired_matches_fallback_with_resize_and_split_operations[4] PASSED [ 43%]
tests/test_paired_spatial.py::test_paired_matches_fallback_with_resize_and_split_operations[5] PASSED [ 43%]
tests/test_path_resolve.py::test_resolve_accumulation_and_capture[False-1-False-False-False] PASSED [ 43%]
tests/test_path_resolve.py::test_resolve_accumulation_and_capture[False-1-False-True-False] PASSED [ 43%]
tests/test_path_resolve.py::test_resolve_accumulation_and_capture[False-1-False-True-True] PASSED [ 43%]
tests/test_path_resolve.py::test_resolve_accumulation_and_capture[False-1-True-False-False] PASSED [ 44%]
tests/test_path_resolve.py::test_resolve_accumulation_and_capture[False-1-True-True-False] PASSED [ 44%]
tests/test_path_resolve.py::test_resolve_accumulation_and_capture[False-1-True-True-True] PASSED [ 44%]
tests/test_path_resolve.py::test_resolve_accumulation_and_capture[False-2-False-False-False] PASSED [ 44%]
tests/test_path_resolve.py::test_resolve_accumulation_and_capture[False-2-False-True-False] PASSED [ 44%]
tests/test_path_resolve.py::test_resolve_accumulation_and_capture[False-2-False-True-True] PASSED [ 44%]
tests/test_path_resolve.py::test_resolve_accumulation_and_capture[False-2-True-False-False] PASSED [ 44%]
tests/test_path_resolve.py::test_resolve_accumulation_and_capture[False-2-True-True-False] PASSED [ 44%]
tests/test_path_resolve.py::test_resolve_accumulation_and_capture[False-2-True-True-True] PASSED [ 44%]
tests/test_path_resolve.py::test_resolve_accumulation_and_capture[True-1-False-False-False] PASSED [ 44%]
tests/test_path_resolve.py::test_resolve_accumulation_and_capture[True-1-False-True-False] PASSED [ 44%]
tests/test_path_resolve.py::test_resolve_accumulation_and_capture[True-1-False-True-True] PASSED [ 45%]
tests/test_path_resolve.py::test_resolve_accumulation_and_capture[True-1-True-False-False] PASSED [ 45%]
tests/test_path_resolve.py::test_resolve_accumulation_and_capture[True-1-True-True-False] PASSED [ 45%]
tests/test_path_resolve.py::test_resolve_accumulation_and_capture[True-1-True-True-True] PASSED [ 45%]
tests/test_path_resolve.py::test_resolve_accumulation_and_capture[True-2-False-False-False] PASSED [ 45%]
tests/test_path_resolve.py::test_resolve_accumulation_and_capture[True-2-False-True-False] PASSED [ 45%]
tests/test_path_resolve.py::test_resolve_accumulation_and_capture[True-2-False-True-True] PASSED [ 45%]
tests/test_path_resolve.py::test_resolve_accumulation_and_capture[True-2-True-False-False] PASSED [ 45%]
tests/test_path_resolve.py::test_resolve_accumulation_and_capture[True-2-True-True-False] PASSED [ 45%]
tests/test_path_resolve.py::test_resolve_accumulation_and_capture[True-2-True-True-True] PASSED [ 45%]
tests/test_path_termination_quality_gate.py::test_roulette_allows_bounded_variance_without_bias PASSED [ 45%]
tests/test_path_termination_quality_gate.py::test_roulette_rejects_bias_and_excessive_variance PASSED [ 45%]
tests/test_performance_gate.py::PerformanceGateTests::test_empty_reason_does_not_override PASSED [ 46%]
tests/test_performance_gate.py::PerformanceGateTests::test_explicit_reason_can_override_failure PASSED [ 46%]
tests/test_performance_gate.py::PerformanceGateTests::test_fails_slow_or_undersized_run PASSED [ 46%]
tests/test_performance_gate.py::PerformanceGateTests::test_passes_at_threshold_and_near_4k_extent PASSED [ 46%]
tests/test_persistent_queries.py::test_persistent_query_replay_input_updates_and_lifetimes PASSED [ 46%]
tests/test_persistent_queries.py::test_fused_colors_bounds_errors_and_palette_updates[host] PASSED [ 46%]
tests/test_persistent_queries.py::test_fused_colors_bounds_errors_and_palette_updates[device] PASSED [ 46%]
tests/test_pipeline.py::RenderPipelineTests::test_inserts_stage_without_mutating_pipeline PASSED [ 46%]
tests/test_pipeline.py::RenderPipelineTests::test_rejects_missing_resource_and_duplicate_name PASSED [ 46%]
tests/test_pipeline.py::RenderPipelineTests::test_validates_and_records_in_order PASSED [ 46%]
tests/test_planar_mirror_guides.py::test_reflection_camera_projection_reverses_only_screen_x PASSED [ 46%]
tests/test_planar_mirror_guides.py::test_optical_guides_flip_motion_and_mask_without_changing_radiance PASSED [ 47%]
tests/test_planar_mirror_guides.py::test_object_motion_updates_scene_revision_and_stops_cleanly PASSED [ 47%]
tests/test_portable_preparation.py::test_entire_preparation_and_export_need_no_device PASSED [ 47%]
tests/test_portable_preparation.py::test_selected_vector_output_and_structural_replacement PASSED [ 47%]
tests/test_portable_volume.py::test_export_roundtrip_preserves_bytes_and_resource_types PASSED [ 47%]
tests/test_portable_volume.py::test_corrupt_payload_rejected PASSED      [ 47%]
tests/test_portable_volume.py::test_incompatible_contract_rejected_before_execution[<lambda>0] PASSED [ 47%]
tests/test_portable_volume.py::test_incompatible_contract_rejected_before_execution[<lambda>1] PASSED [ 47%]
tests/test_portable_volume.py::test_incompatible_contract_rejected_before_execution[<lambda>2] PASSED [ 47%]
tests/test_portable_volume.py::test_incompatible_contract_rejected_before_execution[<lambda>3] PASSED [ 47%]
tests/test_portable_volume.py::test_incompatible_contract_rejected_before_execution[<lambda>4] PASSED [ 47%]
tests/test_portable_volume.py::test_incompatible_contract_rejected_before_execution[<lambda>5] PASSED [ 47%]
tests/test_portable_volume.py::test_incompatible_contract_rejected_before_execution[<lambda>6] PASSED [ 48%]
tests/test_portable_volume.py::test_incompatible_contract_rejected_before_execution[<lambda>7] PASSED [ 48%]
tests/test_portable_volume.py::test_incompatible_contract_rejected_before_execution[<lambda>8] PASSED [ 48%]
tests/test_portable_volume.py::test_incompatible_contract_rejected_before_execution[<lambda>9] PASSED [ 48%]
tests/test_portable_volume.py::test_incompatible_contract_rejected_before_execution[<lambda>10] PASSED [ 48%]
tests/test_portable_volume.py::test_missing_contract_fields_raise_clear_value_error PASSED [ 48%]
tests/test_portable_volume.py::test_browser_contract_without_gpu SKIPPED [ 48%]
tests/test_presentation.py::AsyncPresenterTests::test_denoiser_configuration_restart_recreates_owned_resources PASSED [ 48%]
tests/test_presentation.py::AsyncPresenterTests::test_factory_error_is_reported_without_cross_thread_raise PASSED [ 48%]
tests/test_presentation.py::AsyncPresenterTests::test_lifecycle_and_frames_stay_on_one_worker PASSED [ 48%]
tests/test_primary_bindings.py::test_primary_layout_variants_preserve_native_abi PASSED [ 48%]
tests/test_primary_diffuse_sampling.py::test_invalid_probability[0.0] PASSED [ 49%]
tests/test_primary_diffuse_sampling.py::test_invalid_probability[1e-12] PASSED [ 49%]
tests/test_primary_diffuse_sampling.py::test_invalid_probability[-0.1] PASSED [ 49%]
tests/test_primary_diffuse_sampling.py::test_invalid_probability[1.1] PASSED [ 49%]
tests/test_primary_diffuse_sampling.py::test_invalid_probability[nan] PASSED [ 49%]
tests/test_primary_diffuse_sampling.py::test_invalid_probability[inf] PASSED [ 49%]
tests/test_primary_diffuse_sampling.py::test_invalid_probability[True] PASSED [ 49%]
tests/test_primary_diffuse_sampling.py::test_default_probability_preserves_existing_policy PASSED [ 49%]
tests/test_primary_diffuse_sampling.py::test_gpu_weights_preserve_expected_energy PASSED [ 49%]
tests/test_primary_diffuse_sampling.py::test_unsupported_builtin_pipeline_rejects_thinning_before_device_creation PASSED [ 49%]
tests/test_primary_hit_formats.py::test_primary_hit_format_contract PASSED [ 49%]
tests/test_primary_hit_formats.py::test_identity_records_match_full_across_samples_and_resize PASSED [ 50%]
tests/test_primary_metadata.py::test_prepared_scene_metadata PASSED      [ 50%]
tests/test_primary_metadata.py::test_primary_metadata_updates_captured_state PASSED [ 50%]
tests/test_primary_operation.py::test_primary_dispatch_and_aliased_resource_access PASSED [ 50%]
tests/test_primary_operation.py::test_primary_rejects_invalid_contract[missing] PASSED [ 50%]
tests/test_primary_operation.py::test_primary_rejects_invalid_contract[array] PASSED [ 50%]
tests/test_primary_operation.py::test_primary_rejects_invalid_contract[runtime] PASSED [ 50%]
tests/test_primary_operation.py::test_primary_rejects_invalid_contract[kind] PASSED [ 50%]
tests/test_primary_operation.py::test_primary_rejects_invalid_contract[constants] PASSED [ 50%]
tests/test_primary_operation.py::test_primary_rejects_invalid_contract[groups] PASSED [ 50%]
tests/test_primary_operation.py::test_visibility_sample_plane_bounds_and_barrier PASSED [ 50%]
tests/test_primary_operation.py::test_capture_consumer_replay_orders_cache_access PASSED [ 50%]
tests/test_primary_operation.py::test_selected_diffuse_contract[valid] PASSED [ 51%]
tests/test_primary_operation.py::test_selected_diffuse_contract[missing] PASSED [ 51%]
tests/test_primary_operation.py::test_selected_diffuse_contract[short] PASSED [ 51%]
tests/test_primary_operation.py::test_selected_diffuse_contract[samples] PASSED [ 51%]
tests/test_primary_operation.py::test_selected_diffuse_contract[mode] PASSED [ 51%]
tests/test_primary_operation.py::test_distance_visibility_capacity[99-False] PASSED [ 51%]
tests/test_primary_operation.py::test_distance_visibility_capacity[100-True] PASSED [ 51%]
tests/test_primary_operation.py::test_planes_visibility_capacity PASSED  [ 51%]
tests/test_primary_operation.py::test_compact_planes_capacity_includes_per_sample_padding[1000] PASSED [ 51%]
tests/test_primary_operation.py::test_compact_planes_capacity_includes_per_sample_padding[1023] PASSED [ 51%]
tests/test_primary_operation.py::test_compact_planes_capacity_includes_per_sample_padding[1024] PASSED [ 51%]
tests/test_primary_operation.py::test_capture_omits_transport_outputs_but_preserves_extension_aliases[None] PASSED [ 52%]
tests/test_primary_operation.py::test_capture_omits_transport_outputs_but_preserves_extension_aliases[geometry_resources] PASSED [ 52%]
tests/test_primary_operation.py::test_capture_omits_transport_outputs_but_preserves_extension_aliases[material_resources] PASSED [ 52%]
tests/test_primary_operation.py::test_capture_still_validates_unused_descriptor_runtime PASSED [ 52%]
tests/test_primary_operation.py::test_compact_continuation_tile_capacity[16-60-True] PASSED [ 52%]
tests/test_primary_operation.py::test_compact_continuation_tile_capacity[12-60-False] PASSED [ 52%]
tests/test_primary_operation.py::test_compact_continuation_tile_capacity[16-56-False] PASSED [ 52%]
tests/test_primary_scene_specialization.py::test_primary_specialization_tracks_volumes_and_user_opt_out PASSED [ 52%]
tests/test_primary_scene_specialization.py::test_scene_pipeline_uses_statistics_capable_creation PASSED [ 52%]
tests/test_primary_scene_specialization.py::test_surface_only_primary_compiles_with_shared_reservoirs[False-False-False-False] PASSED [ 52%]
tests/test_primary_scene_specialization.py::test_surface_only_primary_compiles_with_shared_reservoirs[False-False-False-True] PASSED [ 52%]
tests/test_primary_scene_specialization.py::test_surface_only_primary_compiles_with_shared_reservoirs[False-True-False-False] PASSED [ 52%]
tests/test_primary_scene_specialization.py::test_surface_only_primary_compiles_with_shared_reservoirs[False-True-False-True] PASSED [ 53%]
tests/test_primary_scene_specialization.py::test_surface_only_primary_compiles_with_shared_reservoirs[False-True-True-False] PASSED [ 53%]
tests/test_primary_scene_specialization.py::test_surface_only_primary_compiles_with_shared_reservoirs[False-True-True-True] PASSED [ 53%]
tests/test_primary_scene_specialization.py::test_surface_only_primary_compiles_with_shared_reservoirs[True-False-False-False] PASSED [ 53%]
tests/test_primary_scene_specialization.py::test_surface_only_primary_compiles_with_shared_reservoirs[True-False-False-True] PASSED [ 53%]
tests/test_primary_scene_specialization.py::test_surface_only_primary_compiles_with_shared_reservoirs[True-True-False-False] PASSED [ 53%]
tests/test_primary_scene_specialization.py::test_surface_only_primary_compiles_with_shared_reservoirs[True-True-False-True] PASSED [ 53%]
tests/test_primary_scene_specialization.py::test_surface_only_primary_compiles_with_shared_reservoirs[True-True-True-False] PASSED [ 53%]
tests/test_primary_scene_specialization.py::test_surface_only_primary_compiles_with_shared_reservoirs[True-True-True-True] PASSED [ 53%]
tests/test_primary_settings.py::test_fused_primary_abi_offsets PASSED    [ 53%]
tests/test_primary_settings.py::test_primary_settings_reject_unrepresentable_values PASSED [ 53%]
tests/test_primary_visibility.py::test_visibility_record_preserves_native_payload PASSED [ 54%]
tests/test_primary_visibility.py::test_visibility_variants_compile[full-False-capture] PASSED [ 54%]
tests/test_primary_visibility.py::test_visibility_variants_compile[full-False-replay] PASSED [ 54%]
tests/test_primary_visibility.py::test_visibility_variants_compile[full-True-capture] PASSED [ 54%]
tests/test_primary_visibility.py::test_visibility_variants_compile[full-True-replay] PASSED [ 54%]
tests/test_primary_visibility.py::test_visibility_variants_compile[identity-False-capture] PASSED [ 54%]
tests/test_primary_visibility.py::test_visibility_variants_compile[identity-False-replay] PASSED [ 54%]
tests/test_primary_visibility.py::test_visibility_variants_compile[identity-True-capture] PASSED [ 54%]
tests/test_primary_visibility.py::test_visibility_variants_compile[identity-True-replay] PASSED [ 54%]
tests/test_primary_visibility.py::test_invalid_visibility_policy[kwargs0] PASSED [ 54%]
tests/test_primary_visibility.py::test_invalid_visibility_policy[kwargs1] PASSED [ 54%]
tests/test_primary_visibility.py::test_hit_view_cache_rejects_reused_vulkan_handles PASSED [ 55%]
tests/test_primary_visibility.py::test_selected_diffuse_compiler_variant[False] PASSED [ 55%]
tests/test_primary_visibility.py::test_selected_diffuse_compiler_variant[True] PASSED [ 55%]
tests/test_primary_visibility.py::test_selected_diffuse_rejects_unsupported_compiler_modes[change0] PASSED [ 55%]
tests/test_primary_visibility.py::test_selected_diffuse_rejects_unsupported_compiler_modes[change1] PASSED [ 55%]
tests/test_primary_visibility.py::test_selected_diffuse_rejects_unsupported_compiler_modes[change2] PASSED [ 55%]
tests/test_primary_visibility.py::test_selected_diffuse_rejects_unsupported_compiler_modes[change3] PASSED [ 55%]
tests/test_primary_visibility.py::test_invalid_primary_workgroup[shape0] PASSED [ 55%]
tests/test_primary_visibility.py::test_invalid_primary_workgroup[shape1] PASSED [ 55%]
tests/test_primary_visibility.py::test_invalid_primary_workgroup[shape2] PASSED [ 55%]
tests/test_primary_visibility.py::test_invalid_primary_workgroup[shape3] PASSED [ 55%]
tests/test_primary_visibility.py::test_invalid_primary_workgroup[shape4] PASSED [ 55%]
tests/test_primary_visibility.py::test_primary_workgroup_rejects_inline_continuation PASSED [ 56%]
tests/test_primary_visibility.py::test_visibility_format_rejects_invalid_mode[bad] PASSED [ 56%]
tests/test_primary_visibility.py::test_visibility_format_rejects_invalid_mode[distance] PASSED [ 56%]
tests/test_primary_visibility.py::test_visibility_format_rejects_invalid_mode[planes] PASSED [ 56%]
tests/test_primary_visibility.py::test_visibility_format_rejects_invalid_mode[distance_planes] PASSED [ 56%]
tests/test_primary_visibility.py::test_distance_visibility_dtype PASSED  [ 56%]
tests/test_primary_visibility.py::test_visibility_plane_sample_alignment[1] PASSED [ 56%]
tests/test_primary_visibility.py::test_visibility_plane_sample_alignment[3] PASSED [ 56%]
tests/test_primary_visibility.py::test_visibility_plane_sample_alignment[4] PASSED [ 56%]
tests/test_primary_visibility.py::test_visibility_plane_sample_alignment[5] PASSED [ 56%]
tests/test_primary_visibility.py::test_visibility_plane_sample_alignment[221] PASSED [ 56%]
tests/test_primary_visibility.py::test_visibility_size_rejects_invalid_inputs[kwargs0] PASSED [ 57%]
tests/test_primary_visibility.py::test_visibility_size_rejects_invalid_inputs[kwargs1] PASSED [ 57%]
tests/test_primary_visibility.py::test_visibility_size_rejects_invalid_inputs[kwargs2] PASSED [ 57%]
tests/test_primary_visibility.py::test_visibility_size_rejects_invalid_inputs[kwargs3] PASSED [ 57%]
tests/test_primary_visibility.py::test_compact_continuation_variants_compile[classify-shape0] PASSED [ 57%]
tests/test_primary_visibility.py::test_compact_continuation_variants_compile[resume-shape1] PASSED [ 57%]
tests/test_primary_visibility.py::test_compact_continuation_rejects_incompatible_variants[options0] PASSED [ 57%]
tests/test_primary_visibility.py::test_compact_continuation_rejects_incompatible_variants[options1] PASSED [ 57%]
tests/test_primary_visibility.py::test_compact_continuation_rejects_incompatible_variants[options2] PASSED [ 57%]
tests/test_primitives.py::PrimitiveBatchTests::test_arbitrary_glyphs_use_existing_resource PASSED [ 57%]
tests/test_primitives.py::PrimitiveBatchTests::test_generated_resource_is_removed_with_batch PASSED [ 57%]
tests/test_primitives.py::PrimitiveBatchTests::test_invalid_line_update_does_not_mutate_batch_or_scene PASSED [ 57%]
tests/test_primitives.py::PrimitiveBatchTests::test_lines_reach_both_endpoints_and_update_atomically PASSED [ 58%]
tests/test_primitives.py::PrimitiveBatchTests::test_lowered_primitives_retain_named_output_identity PASSED [ 58%]
tests/test_primitives.py::PrimitiveBatchTests::test_points_share_geometry_and_preserve_world_centers PASSED [ 58%]
tests/test_primitives.py::PrimitiveBatchTests::test_showcase_pyramid_is_flat_shaded_and_outward_wound PASSED [ 58%]
tests/test_public_acceleration.py::test_chunk_refit_ranges_leases_and_deferred_build PASSED [ 58%]
tests/test_qt_vulkan.py::test_surface_can_be_recreated_between_renderer_owners PASSED [ 58%]
tests/test_qt_vulkan.py::test_closed_surface_cannot_be_recreated PASSED  [ 58%]
tests/test_qt_vulkan.py::test_renderer_handoff_recreates_instance_after_releasing_old_surface PASSED [ 58%]
tests/test_qt_vulkan.py::test_closed_instance_cannot_be_recreated PASSED [ 58%]
tests/test_qt_workbench.py::WorkbenchStateTests::test_application_extension_is_loaded_only_from_explicit_reference PASSED [ 58%]
tests/test_qt_workbench.py::WorkbenchStateTests::test_authored_camera_metadata_is_preserved PASSED [ 58%]
tests/test_qt_workbench.py::WorkbenchStateTests::test_balanced_preset_uses_temporal_restir_without_extra_rays PASSED [ 59%]
tests/test_qt_workbench.py::WorkbenchStateTests::test_camera_fit_is_finite_and_positive PASSED [ 59%]
tests/test_qt_workbench.py::WorkbenchStateTests::test_clean_preset_spends_samples_instead_of_enabling_inactive_denoiser PASSED [ 59%]
tests/test_qt_workbench.py::WorkbenchStateTests::test_fast_preset_is_explicit_about_reduced_resolution PASSED [ 59%]
tests/test_qt_workbench.py::WorkbenchStateTests::test_initial_showcase_can_be_selected_by_id_for_smoke_runs PASSED [ 59%]
tests/test_qt_workbench.py::WorkbenchStateTests::test_invalid_extension_reference_is_rejected PASSED [ 59%]
tests/test_qt_workbench.py::WorkbenchStateTests::test_scene_lifecycle PASSED [ 59%]
tests/test_qt_workbench.py::WorkbenchStateTests::test_scene_loader_close_does_not_wait_for_running_user_code PASSED [ 59%]
tests/test_queue_dispatch.py::test_queue_counts_and_leases PASSED        [ 59%]
tests/test_raster_async_retirement.py::test_restart_and_close_do_not_wait_for_renderer_teardown PASSED [ 59%]
tests/test_raster_async_retirement.py::test_repeated_switch_requests_coalesce_while_work_is_pending PASSED [ 59%]
tests/test_raster_async_retirement.py::test_restart_resets_instance_before_constructing_another_vulkan_owner PASSED [ 60%]
tests/test_raster_features.py::RasterFeatureTests::test_complete_material_channels_use_gpu_record_and_atlas PASSED [ 60%]
tests/test_raster_features.py::RasterFeatureTests::test_direct_light_and_hard_shadow_are_composable PASSED [ 60%]
tests/test_raster_features.py::RasterFeatureTests::test_directional_shadow_depth_is_packed_and_addressed PASSED [ 60%]
tests/test_raster_features.py::RasterFeatureTests::test_environment_reflection_filter_footprint_tracks_roughness PASSED [ 60%]
tests/test_raster_features.py::RasterFeatureTests::test_geometry_product_program_declares_all_native_outputs PASSED [ 60%]
tests/test_raster_features.py::RasterFeatureTests::test_geometry_products_preserve_depth_normal_and_object_id PASSED [ 60%]
tests/test_raster_features.py::RasterFeatureTests::test_gpu_camera_mesh_keeps_world_space_vertices_resident PASSED [ 60%]
tests/test_raster_features.py::RasterFeatureTests::test_hybrid_implementation_composes_child_renderers PASSED [ 60%]
tests/test_raster_features.py::RasterFeatureTests::test_material_program_room_has_emitter_and_optional_fill_light PASSED [ 60%]
tests/test_raster_features.py::RasterFeatureTests::test_material_programs_select_portable_raster_models PASSED [ 60%]
tests/test_raster_features.py::RasterFeatureTests::test_native_directional_and_spot_shadow_depths_use_zero_to_one PASSED [ 60%]
tests/test_raster_features.py::RasterFeatureTests::test_native_geometry_product_mesh_tracks_camera_and_object_history PASSED [ 61%]
tests/test_raster_features.py::RasterFeatureTests::test_native_shadow_map_does_not_allocate_cpu_shadow_pixels PASSED [ 61%]
tests/test_raster_features.py::RasterFeatureTests::test_native_volume_program_contains_shadow_and_sparse_traversal_paths PASSED [ 61%]
tests/test_raster_features.py::RasterFeatureTests::test_native_volume_program_has_portable_three_dimensional_resources PASSED [ 61%]
tests/test_raster_features.py::RasterFeatureTests::test_native_volume_program_uses_canonical_unit_volume_domain PASSED [ 61%]
tests/test_raster_features.py::RasterFeatureTests::test_pbr_raster_material_distinguishes_metal_and_roughness PASSED [ 61%]
tests/test_raster_features.py::RasterFeatureTests::test_pbr_raster_reads_metallic_roughness_and_emissive_textures PASSED [ 61%]
tests/test_raster_features.py::RasterFeatureTests::test_raster_volume_quality_controls_validate PASSED [ 61%]
tests/test_raster_features.py::RasterFeatureTests::test_raster_volume_scattering_contributes_radiance PASSED [ 61%]
tests/test_raster_features.py::RasterFeatureTests::test_ray_marched_volumes_are_packed_without_proxy_geometry PASSED [ 61%]
tests/test_raster_features.py::RasterFeatureTests::test_render_graph_declares_multipass_dependencies PASSED [ 61%]
tests/test_raster_features.py::RasterFeatureTests::test_renderer_presents_to_array_surface PASSED [ 62%]
tests/test_raster_features.py::RasterFeatureTests::test_resident_volume_vertices_are_not_view_projected_twice PASSED [ 62%]
tests/test_raster_features.py::RasterFeatureTests::test_shadow_cull_mode_validation PASSED [ 62%]
tests/test_raster_features.py::RasterFeatureTests::test_shadow_normal_bias_scales_with_map_resolution PASSED [ 62%]
tests/test_raster_features.py::RasterFeatureTests::test_shadow_receivers_apply_planned_normal_bias PASSED [ 62%]
tests/test_raster_features.py::RasterFeatureTests::test_shadow_showcase_boxes_have_flat_face_normals PASSED [ 62%]
tests/test_raster_features.py::RasterFeatureTests::test_shared_material_texture_is_evaluated PASSED [ 62%]
tests/test_raster_features.py::RasterFeatureTests::test_temporal_history_only_accumulates_compatible_frames PASSED [ 62%]
tests/test_raster_features.py::RasterFeatureTests::test_volume_slice_geometry_aligns_to_dominant_camera_axis PASSED [ 62%]
tests/test_raster_features.py::RasterFeatureTests::test_volume_slice_geometry_uses_transfer_function_alpha PASSED [ 62%]
tests/test_raster_features.py::RasterFeatureTests::test_volume_slice_opacity_tracks_world_distance_and_reference_step PASSED [ 62%]
tests/test_raster_renderers.py::RasterBackendTests::test_builtin_scene_program_compiles_for_both_implementations PASSED [ 62%]
tests/test_raster_renderers.py::RasterBackendTests::test_builtin_sheen_is_a_grazing_angle_lobe PASSED [ 63%]
tests/test_raster_renderers.py::RasterBackendTests::test_custom_material_hook_executes_on_vulkan PASSED [ 63%]
tests/test_raster_renderers.py::RasterBackendTests::test_fragment_helper_spellings_are_mutually_exclusive PASSED [ 63%]
tests/test_raster_renderers.py::RasterBackendTests::test_frame_difference_detects_and_quantifies_changed_pixels PASSED [ 63%]
tests/test_raster_renderers.py::RasterBackendTests::test_general_interleaved_vertex_layout PASSED [ 63%]
tests/test_raster_renderers.py::RasterBackendTests::test_material_id_decoding_rounds_interpolated_float_varying PASSED [ 63%]
tests/test_raster_renderers.py::RasterBackendTests::test_material_shader_variants_are_cached_by_program_set PASSED [ 63%]
tests/test_raster_renderers.py::RasterBackendTests::test_opaque_prepass_disables_screen_space_sampling PASSED [ 63%]
tests/test_raster_renderers.py::RasterBackendTests::test_opaque_prepass_preserves_light_and_shadow_counts PASSED [ 63%]
tests/test_raster_renderers.py::RasterBackendTests::test_parameter_grid_exposes_a_generic_vec4_domain PASSED [ 63%]
tests/test_raster_renderers.py::RasterBackendTests::test_portable_raster_material_hook_compiles_and_is_cached PASSED [ 63%]
tests/test_raster_renderers.py::RasterBackendTests::test_present_cache_key_tracks_draw_shape_not_camera_payload PASSED [ 64%]
tests/test_raster_renderers.py::RasterBackendTests::test_present_cache_retires_previous_camera_order_generation PASSED [ 64%]
tests/test_raster_renderers.py::RasterBackendTests::test_present_completion_semaphore_is_owned_by_swapchain_image PASSED [ 64%]
tests/test_raster_renderers.py::RasterBackendTests::test_raster_config_rejects_undecorated_material_hook PASSED [ 64%]
tests/test_raster_renderers.py::RasterBackendTests::test_raster_mesh_owns_contiguous_typed_arrays PASSED [ 64%]
tests/test_raster_renderers.py::RasterBackendTests::test_raster_program_accepts_vertex_stage_helpers PASSED [ 64%]
tests/test_raster_renderers.py::RasterBackendTests::test_raster_program_compiles_for_both_implementations PASSED [ 64%]
tests/test_raster_renderers.py::RasterBackendTests::test_raster_state_validation PASSED [ 64%]
tests/test_raster_renderers.py::RasterBackendTests::test_scene_adapter_applies_camera_and_object_transform PASSED [ 64%]
tests/test_raster_renderers.py::RasterBackendTests::test_scene_base_color_texture_is_sampled_on_both_targets PASSED [ 64%]
tests/test_raster_renderers.py::RasterBackendTests::test_scene_rendering_and_depth_match_implementation_contract 
tests/test_raster_renderers.py::RasterBackendTests::test_scene_rendering_and_depth_match_implementation_contract PASSED [ 64%]
tests/test_raster_renderers.py::RasterBackendTests::test_screen_space_optics_executes_with_sampled_scene_depth PASSED [ 65%]
tests/test_raster_renderers.py::RasterBackendTests::test_screen_space_optics_runs_on_both_native_targets 
tests/test_raster_renderers.py::RasterBackendTests::test_screen_space_optics_runs_on_both_native_targets PASSED [ 65%]
tests/test_raster_renderers.py::RasterBackendTests::test_tangent_space_normal_map_changes_fragment_lighting PASSED [ 65%]
tests/test_raster_renderers.py::RasterBackendTests::test_vulkan_implementation_draws_offscreen_when_available PASSED [ 65%]
tests/test_raster_renderers.py::RasterBackendTests::test_vulkan_native_overlapping_volumes_accumulate_extinction PASSED [ 65%]
tests/test_raster_renderers.py::RasterBackendTests::test_vulkan_native_volume_composite_preserves_scene_orientation PASSED [ 65%]
tests/test_raster_renderers.py::RasterBackendTests::test_vulkan_native_volume_empty_space_skipping_preserves_hdr PASSED [ 65%]
tests/test_raster_renderers.py::RasterBackendTests::test_vulkan_native_volume_matches_transformed_voxel_support PASSED [ 65%]
tests/test_raster_renderers.py::RasterBackendTests::test_vulkan_native_volume_ray_march_draws_without_proxy_geometry PASSED [ 65%]
tests/test_raster_renderers.py::RasterBackendTests::test_vulkan_native_volume_scattering_receives_opaque_shadows PASSED [ 65%]
tests/test_raster_renderers.py::RasterBackendTests::test_vulkan_native_volume_scattering_responds_to_scene_lights PASSED [ 65%]
tests/test_raster_renderers.py::RasterBackendTests::test_vulkan_renderer_exposes_direct_surface_presentation PASSED [ 65%]
tests/test_raster_renderers.py::RasterBackendTests::test_webgpu_implementation_draws_offscreen_when_available PASSED [ 66%]
tests/test_raster_renderers.py::RasterBackendTests::test_webgpu_native_volume_composite_preserves_scene_orientation PASSED [ 66%]
tests/test_raster_resources.py::test_raster_gpu_abi_has_aligned_portable_records PASSED [ 66%]
tests/test_raster_resources.py::test_raster_gpu_scene_packs_materials_lights_draws_and_textures PASSED [ 66%]
tests/test_raster_resources.py::test_scene_mesh_exposes_the_packed_multi_light_gpu_array PASSED [ 66%]
tests/test_raster_resources.py::test_scene_without_environment_keeps_environment_sampling_disabled PASSED [ 66%]
tests/test_raster_resources.py::test_shadow_map_plan_supports_point_directional_and_spot_lights PASSED [ 66%]
tests/test_raster_resources.py::test_shadow_map_limit_counts_lights_not_point_faces PASSED [ 66%]
tests/test_raster_resources.py::test_native_point_shadow_atlas_packs_six_records_and_faces PASSED [ 66%]
tests/test_raster_resources.py::test_native_point_shadow_atlas_caps_total_attachment_extent PASSED [ 66%]
tests/test_raster_resources.py::test_mixed_light_shadow_scene_packs_ten_independent_records PASSED [ 66%]
tests/test_raster_swapchain_recovery.py::test_present_resize_defers_recreation_until_next_frame[VkErrorOutOfDateKhr] PASSED [ 67%]
tests/test_raster_swapchain_recovery.py::test_present_resize_defers_recreation_until_next_frame[VkSuboptimalKhr] PASSED [ 67%]
tests/test_raster_swapchain_recovery.py::test_suboptimal_acquire_preserves_acquired_index_and_extent PASSED [ 67%]
tests/test_raster_swapchain_recovery.py::test_unsuccessful_acquisition_skips_submission[VkErrorOutOfDateKhr] PASSED [ 67%]
tests/test_raster_swapchain_recovery.py::test_unsuccessful_acquisition_skips_submission[VkTimeout] PASSED [ 67%]
tests/test_raster_swapchain_recovery.py::test_unsuccessful_acquisition_skips_submission[VkNotReady] PASSED [ 67%]
tests/test_raster_swapchain_recovery.py::test_real_device_errors_are_not_hidden PASSED [ 67%]
tests/test_raster_target_settings.py::test_glass_motion_showcase_raster_configuration PASSED [ 67%]
tests/test_raster_target_settings.py::test_raster_settings_preserve_supported_material_and_display_options PASSED [ 67%]
tests/test_ray_generation_graph.py::test_tiled_primary_rays_and_state PASSED [ 67%]
tests/test_reconstruction.py::test_reconstruction_packing_and_validation PASSED [ 67%]
tests/test_reconstruction.py::test_reconstruction_graph_output_array[bilinear] PASSED [ 67%]
tests/test_reconstruction.py::test_reconstruction_graph_output_array[clamped-cubic] PASSED [ 68%]
tests/test_reconstruction.py::test_reconstruction_graph_output_array[fsr1] PASSED [ 68%]
tests/test_reconstruction.py::test_reconstruction_graph_output_array[fsr1-shade] PASSED [ 68%]
tests/test_reconstruction.py::test_reconstruction_graph_output_array[temporal] PASSED [ 68%]
tests/test_reconstruction.py::test_reconstruction_graph_output_array[tint] PASSED [ 68%]
tests/test_relax_motion_quality_gate.py::RelaxMotionQualityGateTests::test_baseline_evaluation_catches_quality_and_timing_regression PASSED [ 68%]
tests/test_relax_motion_quality_gate.py::RelaxMotionQualityGateTests::test_pixel_evaluation_detects_temporal_ghost PASSED [ 68%]
tests/test_relax_prepare.py::test_signal_scatter_and_static_motion[False-False] PASSED [ 68%]
tests/test_relax_prepare.py::test_signal_scatter_and_static_motion[False-True] PASSED [ 68%]
tests/test_relax_prepare.py::test_signal_scatter_and_static_motion[True-False] PASSED [ 68%]
tests/test_relax_prepare.py::test_signal_scatter_and_static_motion[True-True] PASSED [ 68%]
tests/test_relax_spatial.py::test_spatial_constants_and_validation PASSED [ 69%]
tests/test_relax_spatial.py::test_independent_graph_filter_and_lifetime[1] PASSED [ 69%]
tests/test_relax_spatial.py::test_independent_graph_filter_and_lifetime[2] PASSED [ 69%]
tests/test_relax_spatial.py::test_independent_graph_filter_and_lifetime[3] PASSED [ 69%]
tests/test_relax_spatial.py::test_independent_graph_filter_and_lifetime[4] PASSED [ 69%]
tests/test_relax_spatial.py::test_independent_graph_filter_and_lifetime[5] PASSED [ 69%]
tests/test_relax_temporal.py::test_policy_validation PASSED              [ 69%]
tests/test_relax_temporal.py::test_temporal_ring_reset_and_failed_submission PASSED [ 69%]
tests/test_relax_tessellation_gate.py::RelaxTessellationGateTests::test_projected_edge_metric_detects_dark_triangle_lines PASSED [ 69%]
tests/test_renderer.py::SceneTests::test_emissive_statistics_follow_scene_edits PASSED [ 69%]
tests/test_renderer.py::SceneTests::test_generates_and_packs_vertex_attributes PASSED [ 69%]
tests/test_renderer.py::SceneTests::test_named_vertex_attributes_are_validated_and_packed PASSED [ 70%]
tests/test_renderer.py::SceneTests::test_packs_emissive_triangles PASSED [ 70%]
tests/test_renderer.py::SceneTests::test_packs_point_lights PASSED       [ 70%]
tests/test_renderer.py::SceneTests::test_packs_triangle_materials PASSED [ 70%]
tests/test_renderer.py::SceneTests::test_packs_two_sided_emission_flag PASSED [ 70%]
tests/test_renderer.py::SceneTests::test_rejects_invalid_indices PASSED  [ 70%]
tests/test_renderer.py::SceneTests::test_selected_attribute_layout_has_stable_vec4_abi PASSED [ 70%]
tests/test_renderer.py::SceneTests::test_weights_emissive_triangles_by_area_and_power PASSED [ 70%]
tests/test_renderer.py::ReferenceRendererTests::test_reference_implementation_implements_high_level_hdr_contract PASSED [ 70%]
tests/test_renderer.py::ReferenceRendererTests::test_render_shape_type_and_repeatability PASSED [ 70%]
tests/test_renderer.py::ReferenceRendererTests::test_render_to_array_surface PASSED [ 70%]
tests/test_renderer.py::SurfaceTests::test_rejects_wrong_shape_and_type PASSED [ 70%]
tests/test_renderer_organization.py::RendererOrganizationTests::test_camera_models_have_concrete_modules PASSED [ 71%]
tests/test_renderer_organization.py::RendererOrganizationTests::test_concrete_renderers_have_explicit_family_and_target 
tests/test_renderer_organization.py::RendererOrganizationTests::test_concrete_renderers_have_explicit_family_and_target PASSED [ 71%]
tests/test_renderer_organization.py::RendererOrganizationTests::test_execution_targets_are_distinct_from_renderers PASSED [ 71%]
tests/test_renderer_organization.py::RendererOrganizationTests::test_high_level_renderer_preserves_compute_context_identity PASSED [ 71%]
tests/test_renderer_organization.py::RendererOrganizationTests::test_removed_implementation_namespace_is_not_exported PASSED [ 71%]
tests/test_renderer_organization.py::RendererOrganizationTests::test_root_contains_only_package_entrypoints PASSED [ 71%]
tests/test_renderer_parity_viewer.py::test_parity_viewer_lists_rendering_targets PASSED [ 71%]
tests/test_renderer_parity_viewer.py::test_parity_viewer_exposes_gi_volume_showcases PASSED [ 71%]
tests/test_renderer_parity_viewer.py::test_optional_scene_light_toggle_preserves_authored_intensity PASSED [ 71%]
tests/test_renderer_parity_viewer.py::test_material_program_room_uses_shared_screen_space_optics PASSED [ 71%]
tests/test_renderer_parity_viewer.py::test_target_switch_preserves_scene_and_camera_controller PASSED [ 71%]
tests/test_renderer_parity_viewer.py::test_feature_switch_replaces_scene_and_camera_controller PASSED [ 72%]
tests/test_renderer_parity_viewer.py::test_gi_viewer_config_uses_quality_wavefront_defaults PASSED [ 72%]
tests/test_renderer_parity_viewer.py::test_gi_viewer_config_accepts_restir_reservoir_count PASSED [ 72%]
tests/test_renderer_parity_viewer.py::test_gi_viewer_config_can_present_raw_gi_without_denoiser_history PASSED [ 72%]
tests/test_renderer_parity_viewer.py::test_gi_viewer_config_enables_explicit_hdr_capture PASSED [ 72%]
tests/test_renderer_parity_viewer.py::test_gi_temporal_variance_report_detects_two_alternating_chains PASSED [ 72%]
tests/test_renderer_parity_viewer.py::test_gi_viewer_config_honors_showcase_bounce_count PASSED [ 72%]
tests/test_renderer_parity_viewer.py::test_direct_gi_uses_native_surface_extent_to_avoid_recreation_loop PASSED [ 72%]
tests/test_renderer_parity_viewer.py::test_raster_internal_extent_matches_native_surface_aspect_ratio PASSED [ 72%]
tests/test_renderer_parity_viewer.py::test_camera_pose_json_round_trips_into_validated_camera PASSED [ 72%]
tests/test_renderer_parity_viewer.py::test_camera_pose_json_rejects_invalid_viewer_payloads[not json-invalid camera-pose JSON] PASSED [ 72%]
tests/test_renderer_parity_viewer.py::test_camera_pose_json_rejects_invalid_viewer_payloads[{"position":[0,0,1],"target":[0,0,0]}-showcase] PASSED [ 72%]
tests/test_renderer_parity_viewer.py::test_camera_pose_json_rejects_invalid_viewer_payloads[{"showcase":"x","position":[0,0,1],"target":[0,0,0],"up":[1,0,0]}-up vector] PASSED [ 73%]
tests/test_renderer_parity_viewer.py::test_camera_pose_argument_accepts_inline_json_and_file PASSED [ 73%]
tests/test_renderer_parity_viewer.py::test_planar_mirror_guides_are_opt_in_and_limited_to_static_showcase PASSED [ 73%]
tests/test_renderer_parity_viewer.py::test_gi_viewer_honors_showcase_restir_override PASSED [ 73%]
tests/test_renderer_parity_viewer.py::test_transmission_motion_cap_is_opt_in PASSED [ 73%]
tests/test_renderer_parity_viewer.py::test_custom_inline_is_opt_in_and_limited_to_validated_showcases PASSED [ 73%]
tests/test_renderer_parity_viewer.py::test_gi_render_scale_preserves_native_default_and_sample_budget PASSED [ 73%]
tests/test_renderer_parity_viewer.py::test_cubic_upscale_is_opt_in_and_rejects_unknown_filters PASSED [ 73%]
tests/test_renderer_parity_viewer.py::test_fsr1_is_opt_in_and_rejects_bypassed_reconstruction_features PASSED [ 73%]
tests/test_renderer_parity_viewer.py::test_low_bounce_gi_limits_paths_without_lowering_resolution PASSED [ 73%]
tests/test_renderer_parity_viewer.py::test_low_bounce_readback_uses_gi_renderer PASSED [ 73%]
tests/test_renderer_selection.py::RendererSelectionTests::test_auto_does_not_mask_initialization_failures PASSED [ 74%]
tests/test_renderer_selection.py::RendererSelectionTests::test_auto_falls_back_only_for_missing_ray_query_adapter PASSED [ 74%]
tests/test_renderer_selection.py::RendererSelectionTests::test_auto_prefers_gi_and_reports_decision PASSED [ 74%]
tests/test_renderer_selection.py::RendererSelectionTests::test_explicit_preferences_never_switch_implementation_class PASSED [ 74%]
tests/test_renderer_selection.py::RendererSelectionTests::test_invalid_preference_is_rejected PASSED [ 74%]
tests/test_renderer_selection.py::RendererSelectionTests::test_renderer_exposes_selection_through_capabilities PASSED [ 74%]
tests/test_resize.py::ResizeRecreationGateTests::test_rejects_invalid_configuration_and_extent PASSED [ 74%]
tests/test_resize.py::ResizeRecreationGateTests::test_wayland_maximize_bounce_recreates_only_after_final_extent_settles PASSED [ 74%]
tests/test_resize.py::ResizeRecreationGateTests::test_zero_delay_preserves_immediate_resize_behavior PASSED [ 74%]
tests/test_resolve_scratch_alias.py::test_signal_only_uses_exclude_placeholder_writes[False] PASSED [ 74%]
tests/test_resolve_scratch_alias.py::test_signal_only_uses_exclude_placeholder_writes[True] PASSED [ 74%]
tests/test_resolve_scratch_alias.py::test_aliased_native_placeholders_preserve_first_secondary_record[False] PASSED [ 75%]
tests/test_resolve_scratch_alias.py::test_aliased_native_placeholders_preserve_first_secondary_record[True] PASSED [ 75%]
tests/test_resolve_scratch_alias.py::test_native_reuse_toggle_changes_cached_dispatch PASSED [ 75%]
tests/test_restir_di.py::DirectLightReservoirTests::test_glsl_layout_and_operations_match_reference_contract PASSED [ 75%]
tests/test_restir_di.py::DirectLightReservoirTests::test_independent_reservoir_storage_scales_by_stream_count PASSED [ 75%]
tests/test_restir_di.py::DirectLightReservoirTests::test_invalid_inputs_are_rejected PASSED [ 75%]
tests/test_restir_di.py::DirectLightReservoirTests::test_pairwise_merge_applies_source_balance_weight PASSED [ 75%]
tests/test_restir_di.py::DirectLightReservoirTests::test_pairwise_merge_matches_canonical_for_equal_targets PASSED [ 75%]
tests/test_restir_di.py::DirectLightReservoirTests::test_temporal_merge_reevaluates_target_and_preserves_m PASSED [ 75%]
tests/test_restir_di.py::DirectLightReservoirTests::test_weighted_selection_matches_candidate_probability PASSED [ 75%]
tests/test_restir_di.py::DirectLightReservoirTests::test_weighted_stream_tracks_sum_count_and_normalization PASSED [ 75%]
tests/test_restir_di.py::DirectLightReservoirTests::test_zero_weight_candidate_is_counted_but_not_selected PASSED [ 75%]
tests/test_restir_quality_gate.py::RestirQualityGateTests::test_accepts_strategies_within_limits PASSED [ 76%]
tests/test_restir_quality_gate.py::RestirQualityGateTests::test_gpu_mean_ignores_unavailable_warmup_samples PASSED [ 76%]
tests/test_restir_quality_gate.py::RestirQualityGateTests::test_quality_only_gate_records_but_does_not_enforce_gpu_ratio PASSED [ 76%]
tests/test_restir_quality_gate.py::RestirQualityGateTests::test_reports_quality_and_performance_regressions PASSED [ 76%]
tests/test_restir_scenes.py::RestirSceneTests::test_every_scene_has_geometry_and_sampleable_emission 
tests/test_restir_scenes.py::RestirSceneTests::test_every_scene_has_geometry_and_sampleable_emission PASSED [ 76%]
tests/test_restir_scenes.py::RestirSceneTests::test_matrix_command_selects_scene_and_motion_case PASSED [ 76%]
tests/test_restir_scenes.py::RestirSceneTests::test_nested_glass_and_dense_fixtures_stress_scene_structure PASSED [ 76%]
tests/test_restir_scenes.py::RestirSceneTests::test_room_presentation_orbits_remain_in_front_of_opening 
tests/test_restir_scenes.py::RestirSceneTests::test_room_presentation_orbits_remain_in_front_of_opening PASSED [ 76%]
tests/test_restir_scenes.py::RestirSceneTests::test_textured_fixture_contains_texture_data PASSED [ 76%]
tests/test_runtime_extensions.py::test_history_camera_and_local_geometry_invalidation PASSED [ 76%]
tests/test_runtime_extensions.py::test_surface_contract_has_independent_normals_media_and_identity PASSED [ 76%]
tests/test_runtime_extensions.py::test_runtime_rejects_early_close_without_destroying_device PASSED [ 77%]
tests/test_runtime_extensions.py::test_typed_pass_validation PASSED      [ 77%]
tests/test_runtime_extensions.py::test_standalone_surface_shader_compiles_without_primary_pipeline PASSED [ 77%]
tests/test_runtime_extensions.py::test_standalone_surface_transport PASSED [ 77%]
tests/test_runtime_extensions.py::test_ordered_image_tone_mapping_and_export PASSED [ 77%]
tests/test_runtime_extensions.py::test_shared_scene_survives_renderer_close PASSED [ 77%]
tests/test_sampled_arrays.py::test_sampled_array_elements_and_shared_lifetimes PASSED [ 77%]
tests/test_sampled_arrays.py::test_resident_volume_array_layout_and_lease PASSED [ 77%]
tests/test_sampled_arrays.py::test_resident_texture_color_space_order PASSED [ 77%]
tests/test_scene_updates.py::SceneUpdateTests::test_affine_transform_preserves_object_data_and_updates_world_data PASSED [ 77%]
tests/test_scene_updates.py::SceneUpdateTests::test_deformable_is_an_explicit_stable_mesh_capability PASSED [ 77%]
tests/test_scene_updates.py::SceneUpdateTests::test_invalid_update_is_atomic PASSED [ 77%]
tests/test_scene_updates.py::SceneUpdateTests::test_material_ids_are_stable_and_triangle_aligned PASSED [ 78%]
tests/test_scene_updates.py::SceneUpdateTests::test_mesh_identity_and_revisions_survive_validated_updates PASSED [ 78%]
tests/test_scene_updates.py::SceneUpdateTests::test_named_attribute_update_is_atomic_and_shading_only PASSED [ 78%]
tests/test_scene_updates.py::SceneUpdateTests::test_remove_clear_and_light_updates_use_stable_ids PASSED [ 78%]
tests/test_scene_updates.py::SceneUpdateTests::test_resource_cannot_be_attached_to_multiple_scenes PASSED [ 78%]
tests/test_scene_updates.py::SceneUpdateTests::test_transform_update_has_independent_revision PASSED [ 78%]
tests/test_scene_updates.py::SceneUpdateTests::test_transform_validation_and_composition PASSED [ 78%]
tests/test_scene_updates.py::SceneUpdateTests::test_visibility_update_preserves_identity_and_invalidates_geometry PASSED [ 78%]
tests/test_scene_updates.py::SceneUpdateTests::test_volume_isosurface_controls_are_shading_only PASSED [ 78%]
tests/test_scene_updates.py::SceneUpdateTests::test_volume_range_update_preserves_resident_scalar_revision PASSED [ 78%]
tests/test_scene_updates.py::SceneUpdateTests::test_volume_slice_controls_are_shading_only PASSED [ 78%]
tests/test_secondary_initialization.py::test_secondary_initialization_owner[False-True-wavefront-0-False] PASSED [ 79%]
tests/test_secondary_initialization.py::test_secondary_initialization_owner[True-False-wavefront-0-True] PASSED [ 79%]
tests/test_secondary_initialization.py::test_secondary_initialization_owner[True-True-wavefront-0-False] PASSED [ 79%]
tests/test_secondary_initialization.py::test_secondary_initialization_owner[True-True-wavefront-1-False] PASSED [ 79%]
tests/test_secondary_initialization.py::test_secondary_initialization_owner[True-True-wavefront-2-True] PASSED [ 79%]
tests/test_secondary_initialization.py::test_secondary_initialization_owner[True-True-wavefront-4-True] PASSED [ 79%]
tests/test_secondary_initialization.py::test_secondary_initialization_owner[True-True-hybrid-0-True] PASSED [ 79%]
tests/test_secondary_initialization.py::test_secondary_initialization_owner[True-True-megakernel-0-True] PASSED [ 79%]
tests/test_secondary_initialization.py::test_reused_secondary_tiles_match_transfer_clear[1-0-4] PASSED [ 79%]
tests/test_secondary_initialization.py::test_reused_secondary_tiles_match_transfer_clear[2-0-4] PASSED [ 79%]
tests/test_secondary_initialization.py::test_reused_secondary_tiles_match_transfer_clear[1-0-1] PASSED [ 79%]
tests/test_secondary_initialization.py::test_reused_secondary_tiles_match_transfer_clear[1-1-4] PASSED [ 80%]
tests/test_secondary_initialization.py::test_reused_secondary_tiles_match_transfer_clear[1-2-4] PASSED [ 80%]
tests/test_secondary_initialization.py::test_reused_secondary_tiles_match_transfer_clear[1-4-4] PASSED [ 80%]
tests/test_selection.py::SelectionTests::test_center_pixel_picks_nearest_named_object PASSED [ 80%]
tests/test_selection.py::SelectionTests::test_empty_pixel_clears_selection PASSED [ 80%]
tests/test_selection.py::SelectionTests::test_object_triangle_ranges_follow_packed_visible_order PASSED [ 80%]
tests/test_selection.py::SelectionTests::test_orthographic_camera_ray_shifts_origin PASSED [ 80%]
tests/test_selection.py::SelectionTests::test_pick_options_are_strictly_validated PASSED [ 80%]
tests/test_selection.py::SelectionTests::test_pick_policy_can_look_through_glass_and_filter_volumes PASSED [ 80%]
tests/test_selection.py::SelectionTests::test_viewport_mapping_handles_dpi_letterbox_and_render_scale PASSED [ 80%]
tests/test_shader_abi.py::ShaderAbiTests::test_canonical_contracts_define_cpu_dtypes PASSED [ 80%]
tests/test_shader_abi.py::ShaderAbiTests::test_every_secondary_path_source_has_identical_members 
tests/test_shader_abi.py::ShaderAbiTests::test_every_secondary_path_source_has_identical_members PASSED [ 80%]
tests/test_shader_abi.py::ShaderAbiTests::test_spirv_reflection_rejects_invalid_binary PASSED [ 81%]
tests/test_shader_abi.py::ShaderAbiTests::test_spirv_secondary_path_offsets_and_array_stride 
tests/test_shader_abi.py::ShaderAbiTests::test_spirv_secondary_path_offsets_and_array_stride PASSED [ 81%]
tests/test_shader_abi.py::ShaderAbiTests::test_spirv_volume_header_offsets_and_array_stride 
tests/test_shader_abi.py::ShaderAbiTests::test_spirv_volume_header_offsets_and_array_stride PASSED [ 81%]
tests/test_shader_abi.py::ShaderAbiTests::test_volume_header_sources_match_compact_and_generated_forms PASSED [ 81%]
tests/test_shader_authorship.py::test_shader_authorship_inventory PASSED [ 81%]
tests/test_shader_authorship.py::test_sampling_library_matches_typed_source PASSED [ 81%]
tests/test_shader_authorship.py::test_scalar_and_struct_shader_bodies_cannot_hide_in_python PASSED [ 81%]
tests/test_shader_manifest.py::ShaderManifestTests::test_manifest_expands_to_unique_existing_inventory PASSED [ 81%]
tests/test_shader_manifest.py::ShaderManifestTests::test_plan_contains_production_specializations PASSED [ 81%]
tests/test_shader_manifest.py::ShaderManifestTests::test_standard_primary_has_packaged_denoiser_variants PASSED [ 81%]
tests/test_shader_rng.py::ShaderRngTests::test_stochastic_frame_seed_comes_from_live_camera_buffer 
tests/test_shader_rng.py::ShaderRngTests::test_stochastic_frame_seed_comes_from_live_camera_buffer PASSED [ 81%]
tests/test_shader_rng.py::ShaderRngTests::test_stochastic_seed_does_not_use_resident_push_frame 
tests/test_shader_rng.py::ShaderRngTests::test_stochastic_seed_does_not_use_resident_push_frame PASSED [ 82%]
tests/test_shading_contract.py::test_settings_preserve_shader_push_abi PASSED [ 82%]
tests/test_shading_contract.py::test_optional_descriptors_and_invalid_contracts PASSED [ 82%]
tests/test_shading_graph.py::test_primary_shading_graph[1-False-False] PASSED [ 82%]
tests/test_shading_graph.py::test_primary_shading_graph[1-False-True] PASSED [ 82%]
tests/test_shading_graph.py::test_primary_shading_graph[1-True-False] PASSED [ 82%]
tests/test_shading_graph.py::test_primary_shading_graph[1-True-True] PASSED [ 82%]
tests/test_shading_graph.py::test_primary_shading_graph[3-False-False] PASSED [ 82%]
tests/test_shading_graph.py::test_primary_shading_graph[3-False-True] PASSED [ 82%]
tests/test_shading_graph.py::test_primary_shading_graph[3-True-False] PASSED [ 82%]
tests/test_shading_graph.py::test_primary_shading_graph[3-True-True] PASSED [ 82%]
tests/test_shading_preparation.py::test_packaged_variant_matrix_without_runtime PASSED [ 82%]
tests/test_shading_preparation.py::test_custom_preparation_matches_existing_compiler PASSED [ 83%]
tests/test_shading_preparation.py::test_surface_only_rejects_incompatible_variants[flags0] PASSED [ 83%]
tests/test_shading_preparation.py::test_surface_only_rejects_incompatible_variants[flags1] PASSED [ 83%]
tests/test_shading_preparation.py::test_surface_only_rejects_incompatible_variants[flags2] PASSED [ 83%]
tests/test_shading_preparation.py::test_surface_only_rejects_incompatible_variants[flags3] PASSED [ 83%]
tests/test_shading_preparation.py::test_surface_only_requires_compilation PASSED [ 83%]
tests/test_shading_preparation.py::test_surface_only_compiles_with_denoiser_and_optional_counters[False] PASSED [ 83%]
tests/test_shading_preparation.py::test_surface_only_compiles_with_denoiser_and_optional_counters[True] PASSED [ 83%]
tests/test_shared_primary_restir.py::test_each_path_has_independent_reservoir_storage PASSED [ 83%]
tests/test_shared_primary_restir.py::test_viewer_shared_mode_keeps_spp_separate_and_allows_temporal_history PASSED [ 83%]
tests/test_shared_primary_restir.py::test_unsupported_shared_variants_are_rejected[changes0] PASSED [ 83%]
tests/test_shared_primary_restir.py::test_unsupported_shared_variants_are_rejected[changes1] PASSED [ 84%]
tests/test_shared_primary_restir.py::test_unsupported_shared_variants_are_rejected[changes2] PASSED [ 84%]
tests/test_shared_primary_restir.py::test_unsupported_shared_variants_are_rejected[changes3] PASSED [ 84%]
tests/test_temporal_quality.py::TemporalQualityTests::test_band_metric_detects_horizontal_structure PASSED [ 84%]
tests/test_temporal_quality.py::TemporalQualityTests::test_edge_gain_detects_lost_contrast PASSED [ 84%]
tests/test_temporal_quality.py::TemporalQualityTests::test_identical_sequence_has_zero_error PASSED [ 84%]
tests/test_temporal_quality.py::TemporalQualityTests::test_memory_mapped_npy_load PASSED [ 84%]
tests/test_temporal_quality.py::TemporalQualityTests::test_positive_outlier_metric_detects_firefly PASSED [ 84%]
tests/test_temporal_quality.py::TemporalQualityTests::test_rejects_bad_shapes PASSED [ 84%]
tests/test_temporal_quality.py::TemporalQualityTests::test_round_trip_and_csv PASSED [ 84%]
tests/test_temporal_quality.py::TemporalQualityTests::test_spectral_metric_detects_low_frequency_noise_structure PASSED [ 84%]
tests/test_temporal_quality.py::TemporalQualityTests::test_temporal_residual_and_lag_detect_stale_frame PASSED [ 85%]
tests/test_textures.py::TextureTests::test_advanced_material_parameters_and_textures_pack_stably PASSED [ 85%]
tests/test_textures.py::TextureTests::test_material_texture_slots_share_stable_table PASSED [ 85%]
tests/test_textures.py::TextureTests::test_mips_separate_srgb_and_linear_averaging PASSED [ 85%]
tests/test_textures.py::TextureTests::test_scene_packs_texture_metadata_and_texels PASSED [ 85%]
tests/test_textures.py::TextureTests::test_texture_1d_sampling_and_validation PASSED [ 85%]
tests/test_textures.py::TextureTests::test_texture_bindings_deduplicate_resource_and_transform PASSED [ 85%]
tests/test_textures.py::TextureTests::test_texture_transform_rejects_unknown_uv_set PASSED [ 85%]
tests/test_textures.py::TextureTests::test_texture_validates_rgba_pixels PASSED [ 85%]
tests/test_textures.py::TextureTests::test_untextured_material_uses_negative_index PASSED [ 85%]
tests/test_transport_fields.py::test_signed_distance_gradient_bounds_and_inside_traversal PASSED [ 85%]
tests/test_transport_fields.py::test_uniform_transform_preserves_distance_and_rejects_nonuniform_scale PASSED [ 85%]
tests/test_transport_fields.py::test_conservative_composition_and_scalar_fields_have_distinct_contracts PASSED [ 86%]
tests/test_transport_fields.py::test_triangle_geometric_normal_is_oriented_independently_of_ray_side PASSED [ 86%]
tests/test_transport_fields.py::test_fresnel_snell_eta_squared_and_total_internal_reflection PASSED [ 86%]
tests/test_transport_fields.py::test_nested_medium_stack_rejects_overlaps_and_preserves_reflection_state PASSED [ 86%]
tests/test_transport_fields.py::test_sample_identity_and_normal_validation PASSED [ 86%]
tests/test_transport_fields.py::test_custom_resource_declarations_and_reduction_contracts PASSED [ 86%]
tests/test_transport_fields.py::test_intersection_program_rejects_unknown_hit_versions[0] PASSED [ 86%]
tests/test_transport_fields.py::test_intersection_program_rejects_unknown_hit_versions[3] PASSED [ 86%]
tests/test_transport_fields.py::test_intersection_program_rejects_unknown_hit_versions[True] PASSED [ 86%]
tests/test_transport_fields.py::test_intersection_program_rejects_unknown_hit_versions[2.0] PASSED [ 86%]
tests/test_transport_fields.py::test_optional_surface_sampler_contract PASSED [ 86%]
tests/test_transport_fields.py::test_bounds_clipped_entry_is_not_a_departing_origin_root PASSED [ 87%]
tests/test_transport_gpu.py::test_common_hit_contract_and_closest_triangle_custom_geometry PASSED [ 87%]
tests/test_transport_gpu.py::test_non_camera_two_diffuse_bounces_match_exact_cavity_series PASSED [ 87%]
tests/test_transport_gpu.py::test_dielectric_absorption_and_fresnel_energy[sdf] PASSED [ 87%]
tests/test_transport_gpu.py::test_dielectric_absorption_and_fresnel_energy[triangles] PASSED [ 87%]
tests/test_transport_gpu.py::test_nested_absorption_and_initial_inside_medium PASSED [ 87%]
tests/test_transport_gpu.py::test_mixed_initial_media_in_one_batch PASSED [ 87%]
tests/test_transport_gpu.py::test_total_internal_reflection_preserves_medium PASSED [ 87%]
tests/test_transport_gpu.py::test_non_nested_overlap_is_reported_not_silently_averaged PASSED [ 87%]
tests/test_transport_gpu.py::test_persistent_identity_accumulation_and_selective_reset PASSED [ 87%]
tests/test_transport_gpu.py::test_resource_backed_field_and_image_updates PASSED [ 87%]
tests/test_transport_gpu.py::test_reusable_inputs_and_many_to_one_reduction PASSED [ 87%]
tests/test_transport_gpu.py::test_gpu_generated_samples_without_input_readback_and_invalid_guard PASSED [ 88%]
tests/test_transport_gpu.py::test_dielectric_shading_normal_does_not_change_boundary_scattering PASSED [ 88%]
tests/test_transport_gpu.py::test_weighted_reduction_and_explicit_normalization PASSED [ 88%]
tests/test_transport_gpu.py::test_graph_emission_matches_fixed_material PASSED [ 88%]
tests/test_transport_gpu.py::test_graph_metal_white_furnace_and_rough_glass PASSED [ 88%]
tests/test_transport_gpu.py::test_analytic_light_nee_and_environment_mis PASSED [ 88%]
tests/test_transport_gpu.py::test_material_graph_uniform_buffer_and_texture_resources PASSED [ 88%]
tests/test_transport_gpu.py::test_equal_ior_rough_boundary_is_transparent PASSED [ 88%]
tests/test_transport_gpu.py::test_rough_bsdf_sampling_matches_solid_angle_quadrature PASSED [ 88%]
tests/test_transport_gpu.py::test_clipped_sdf_entry_is_not_suppressed_as_origin_root PASSED [ 88%]
tests/test_upload_ring.py::test_uploads_snapshot_ranges_and_submit_without_idle_waits_or_allocations PASSED [ 88%]
tests/test_upload_ring.py::test_upload_backpressure_cancellation_validation_and_borrowing PASSED [ 89%]
tests/test_utility_shader_sources.py::test_generated_utility_matches_source_and_abi[external_hdr_tone_map-offsets0-2] PASSED [ 89%]
tests/test_utility_shader_sources.py::test_generated_utility_matches_source_and_abi[fsr2_prepare-offsets1-6] PASSED [ 89%]
tests/test_utility_shader_sources.py::test_generated_utility_matches_source_and_abi[external_hdr_tone_map_16f-offsets2-2] PASSED [ 89%]
tests/test_utility_shader_sources.py::test_generated_utility_matches_source_and_abi[primary_metadata-offsets3-4] PASSED [ 89%]
tests/test_utility_shader_sources.py::test_generated_utility_matches_source_and_abi[accumulation_resolve-offsets4-2] PASSED [ 89%]
tests/test_validation.py::ValidationTests::test_cross_renderer_edge_metric_rejects_path_noise PASSED [ 89%]
tests/test_validation.py::ValidationTests::test_cross_renderer_metrics_separate_exposure_and_structure PASSED [ 89%]
tests/test_validation.py::ValidationTests::test_feature_parity_scene_exercises_required_materials PASSED [ 89%]
tests/test_validation.py::ValidationTests::test_image_error_metrics PASSED [ 89%]
tests/test_validation.py::ValidationTests::test_image_error_rejects_mismatched_shapes PASSED [ 89%]
tests/test_visibility_output.py::test_hdr_visibility_graph_matches_compact_colors PASSED [ 90%]
tests/test_volumes.py::VolumeResourceTests::test_brick_occupancy_checks_transfer_knots_inside_scalar_range PASSED [ 90%]
tests/test_volumes.py::VolumeResourceTests::test_brick_occupancy_is_sparse_conservative_and_packable PASSED [ 90%]
tests/test_volumes.py::VolumeResourceTests::test_clipping_discards_samples_even_with_opaque_low_lut_endpoint PASSED [ 90%]
tests/test_volumes.py::VolumeResourceTests::test_emission_absorption_integrator_is_bounded PASSED [ 90%]
tests/test_volumes.py::VolumeResourceTests::test_gpu_pack_encodes_exact_runtime_slice_header PASSED [ 90%]
tests/test_volumes.py::VolumeResourceTests::test_gpu_pack_encodes_runtime_isosurface_mapping PASSED [ 90%]
tests/test_volumes.py::VolumeResourceTests::test_gpu_pack_includes_normalized_clip_planes PASSED [ 90%]
tests/test_volumes.py::VolumeResourceTests::test_gpu_pack_keeps_raw_logarithmic_values_and_mapping_parameters PASSED [ 90%]
tests/test_volumes.py::VolumeResourceTests::test_multiple_scattering_is_bounded_and_optical_depth_dependent PASSED [ 90%]
tests/test_volumes.py::VolumeResourceTests::test_multivolume_showcase_has_transparent_overlapping_media PASSED [ 90%]
tests/test_volumes.py::VolumeResourceTests::test_overlapping_volume_integration_is_order_independent PASSED [ 90%]
tests/test_volumes.py::VolumeResourceTests::test_phase_functions_are_normalized_and_directional PASSED [ 91%]
tests/test_volumes.py::VolumeResourceTests::test_point_light_single_scattering_adds_radiance PASSED [ 91%]
tests/test_volumes.py::VolumeResourceTests::test_reference_integration_obeys_world_clip_planes PASSED [ 91%]
tests/test_volumes.py::VolumeResourceTests::test_reference_renderer_renders_volume_without_meshes PASSED [ 91%]
tests/test_volumes.py::VolumeResourceTests::test_region_update_does_not_change_volume_geometry_revision PASSED [ 91%]
tests/test_volumes.py::VolumeResourceTests::test_sampling_intersection_and_gpu_pack PASSED [ 91%]
tests/test_volumes.py::VolumeResourceTests::test_scattering_order_one_is_the_existing_direct_estimator PASSED [ 91%]
tests/test_volumes.py::VolumeResourceTests::test_scattering_showcase_is_nonemissive_and_light_driven PASSED [ 91%]
tests/test_volumes.py::VolumeResourceTests::test_showcase_density_is_transparent_at_its_grid_boundary PASSED [ 91%]
tests/test_volumes.py::VolumeResourceTests::test_update_is_atomic_and_preserves_identity PASSED [ 91%]
tests/test_volumes.py::VolumeResourceTests::test_volume_accepts_matching_float32_gpu_source PASSED [ 91%]
tests/test_volumes.py::VolumeResourceTests::test_volume_is_immutable_normalized_and_snapshot_safe PASSED [ 92%]
tests/test_volumes.py::VolumeResourceTests::test_volume_proxy_uses_a_distinct_tlas_visibility_mask PASSED [ 92%]
tests/test_volumes.py::VolumeResourceTests::test_volume_scattering_api_is_validated_and_snapshotted PASSED [ 92%]
tests/test_volumes.py::VolumeResourceTests::test_volume_showcase_can_omit_reference_geometry PASSED [ 92%]
tests/test_vulkan_config.py::RendererConfigTests::test_auto_strategy_selects_kernel_from_transmission_density PASSED [ 92%]
tests/test_vulkan_config.py::RendererConfigTests::test_camera_motion_is_measured_in_output_pixels PASSED [ 92%]
tests/test_vulkan_config.py::RendererConfigTests::test_defaults_and_override PASSED [ 92%]
tests/test_vulkan_config.py::RendererConfigTests::test_external_image_interop_is_boolean_and_opt_in PASSED [ 92%]
tests/test_vulkan_config.py::RendererConfigTests::test_external_surface_requires_instance_and_surface_pair PASSED [ 92%]
tests/test_vulkan_config.py::RendererConfigTests::test_gi_renderer_exposes_same_device_compute_context PASSED [ 92%]
tests/test_vulkan_config.py::RendererConfigTests::test_hot_reconfigure_updates_core_without_recreation PASSED [ 92%]
tests/test_vulkan_config.py::RendererConfigTests::test_interactive_motion_detection_does_not_require_accumulation PASSED [ 92%]
tests/test_vulkan_config.py::RendererConfigTests::test_interactive_render_scale_is_optional_and_bounded PASSED [ 93%]
tests/test_vulkan_config.py::RendererConfigTests::test_interactive_sample_scaling_is_opt_in_and_bounded PASSED [ 93%]
tests/test_vulkan_config.py::RendererConfigTests::test_interactive_target_fps_is_optional_and_bounded PASSED [ 93%]
tests/test_vulkan_config.py::RendererConfigTests::test_object_effect_is_runtime_state_not_selection_state PASSED [ 93%]
tests/test_vulkan_config.py::RendererConfigTests::test_object_effect_storage_is_boolean_and_opt_in PASSED [ 93%]
tests/test_vulkan_config.py::RendererConfigTests::test_opaque_specialization_proves_only_literal_nontransmission_events PASSED [ 93%]
tests/test_vulkan_config.py::RendererConfigTests::test_ordinaryshade_shade_is_default_and_configurable PASSED [ 93%]
tests/test_vulkan_config.py::RendererConfigTests::test_pipeline_cache_configuration PASSED [ 93%]
tests/test_vulkan_config.py::RendererConfigTests::test_presentation_converges_previous_geometry_when_motion_stops PASSED [ 93%]
tests/test_vulkan_config.py::RendererConfigTests::test_projected_effect_bounds_track_object_and_aspect PASSED [ 93%]
tests/test_vulkan_config.py::RendererConfigTests::test_reconstruct_push_constants_match_shader_layout PASSED [ 93%]
tests/test_vulkan_config.py::RendererConfigTests::test_rejects_invalid_configuration 
tests/test_vulkan_config.py::RendererConfigTests::test_rejects_invalid_configuration PASSED [ 94%]
tests/test_vulkan_config.py::RendererConfigTests::test_rejects_unsupported_samples_and_invalid_override PASSED [ 94%]
tests/test_vulkan_config.py::RendererConfigTests::test_relax_camera_motion_includes_translation PASSED [ 94%]
tests/test_vulkan_config.py::RendererConfigTests::test_relax_motion_history_floor_rejects_invalid_values PASSED [ 94%]
tests/test_vulkan_config.py::RendererConfigTests::test_relax_short_history_respects_explicit_limit_and_invalid_motion PASSED [ 94%]
tests/test_vulkan_config.py::RendererConfigTests::test_relax_temporal_policy_bounds_moving_history PASSED [ 94%]
tests/test_vulkan_config.py::RendererConfigTests::test_relax_temporal_policy_preserves_stationary_history PASSED [ 94%]
tests/test_vulkan_config.py::RendererConfigTests::test_resident_scene_refreshes_gpu_volume_sources PASSED [ 94%]
tests/test_vulkan_config.py::RendererConfigTests::test_restir_requires_one_sample_per_pixel PASSED [ 94%]
tests/test_vulkan_config.py::RendererConfigTests::test_scene_replacement_preserves_output_resources PASSED [ 94%]
tests/test_vulkan_config.py::RendererConfigTests::test_stationary_accumulation_is_explicit_and_progressive PASSED [ 94%]
tests/test_vulkan_config.py::RendererConfigTests::test_stationary_accumulation_motion_state_machine PASSED [ 95%]
tests/test_vulkan_config.py::RendererConfigTests::test_swapchain_teardown_invalidates_commands_before_destroying_resources PASSED [ 95%]
tests/test_vulkan_config.py::RendererConfigTests::test_volume_empty_space_skipping_is_boolean_and_opt_in PASSED [ 95%]
tests/test_vulkan_config.py::RendererConfigTests::test_wavefront_history_chain_consumes_stale_signal_when_disabled PASSED [ 95%]
tests/test_vulkan_config.py::RendererConfigTests::test_wavefront_history_semaphore_plan_forms_one_ping_pong_chain PASSED [ 95%]
tests/test_vulkan_config.py::DenoiserColorWeightTests::test_positive_color_weights_and_invalid_values 
tests/test_vulkan_config.py::DenoiserColorWeightTests::test_positive_color_weights_and_invalid_values PASSED [ 95%]
tests/test_vulkan_graph.py::test_versions_aliases_cycles_and_ambiguous_writers PASSED [ 95%]
tests/test_vulkan_graph.py::test_dynamic_geometry_graph_refits_activation_growth_and_persistent_output PASSED [ 95%]
tests/test_vulkan_graph.py::test_reflection_generated_access_and_gpu_producer_consumer PASSED [ 95%]
tests/test_vulkan_graph.py::test_presentation_reuse_resize_and_cancel PASSED [ 95%]
tests/test_vulkan_graph.py::test_uniform_and_sampled_texture_graph PASSED [ 95%]
tests/test_vulkan_graph.py::test_buffer_range_hazards_and_overlapping_versions PASSED [ 95%]
tests/test_vulkan_graph.py::test_gpu_discovered_geometry_bounds_validation_and_growth PASSED [ 96%]
tests/test_vulkan_graph_recording.py::test_external_recording_defers_publication_and_supports_replay PASSED [ 96%]
tests/test_vulkan_graph_recording.py::test_recording_failure_cannot_publish_or_retry PASSED [ 96%]
tests/test_vulkan_graph_recording.py::test_callback_failure_still_publishes_other_consumers PASSED [ 96%]
tests/test_vulkan_pass_validation.py::test_buffer_ranges_allow_adjacency_and_reject_overlap[intervals0-True] PASSED [ 96%]
tests/test_vulkan_pass_validation.py::test_buffer_ranges_allow_adjacency_and_reject_overlap[intervals1-False] PASSED [ 96%]
tests/test_vulkan_pass_validation.py::test_buffer_ranges_allow_adjacency_and_reject_overlap[intervals2-False] PASSED [ 96%]
tests/test_vulkan_pass_validation.py::test_buffer_ranges_allow_adjacency_and_reject_overlap[intervals3-False] PASSED [ 96%]
tests/test_vulkan_pass_validation.py::test_buffer_ranges_allow_adjacency_and_reject_overlap[intervals4-True] PASSED [ 96%]
tests/test_vulkan_pass_validation.py::test_non_buffer_duplicates_and_same_handle_different_kinds[image] PASSED [ 96%]
tests/test_vulkan_pass_validation.py::test_non_buffer_duplicates_and_same_handle_different_kinds[sampler] PASSED [ 96%]
tests/test_vulkan_pass_validation.py::test_non_buffer_duplicates_and_same_handle_different_kinds[acceleration_structure] PASSED [ 97%]
tests/test_vulkan_pass_validation.py::test_grouped_validation_matches_all_pairs_reference PASSED [ 97%]
tests/test_vulkan_pass_validation.py::test_large_unique_resource_set_keeps_uses_and_recorder PASSED [ 97%]
tests/test_vulkan_scene_staging.py::test_staging_reuse_growth_and_payload_offsets PASSED [ 97%]
tests/test_vulkan_version.py::test_vulkan_api_baseline_is_1_2 PASSED     [ 97%]
tests/test_wavefront.py::WavefrontLayoutTests::test_custom_attribute_storage_is_opt_in_and_scene_owned PASSED [ 97%]
tests/test_wavefront.py::WavefrontLayoutTests::test_denoiser_capture_uses_cold_state_without_expanding_hot_paths PASSED [ 97%]
tests/test_wavefront.py::WavefrontLayoutTests::test_denoiser_signals_resolve_after_all_samples PASSED [ 97%]
tests/test_wavefront.py::WavefrontLayoutTests::test_generated_primary_camera_uses_storage_buffer_abi PASSED [ 97%]
tests/test_wavefront.py::WavefrontLayoutTests::test_glsl_contract_contains_matching_fields PASSED [ 97%]
tests/test_wavefront.py::WavefrontLayoutTests::test_hot_path_packs_rng_into_unused_vector_lanes PASSED [ 97%]
tests/test_wavefront.py::WavefrontLayoutTests::test_initial_pipeline_splits_generation_and_intersection PASSED [ 97%]
tests/test_wavefront.py::WavefrontLayoutTests::test_native_texture_variants_are_packaged PASSED [ 98%]
tests/test_wavefront.py::WavefrontLayoutTests::test_path_resolve_populates_signals_for_denoiser_without_indirect_reuse PASSED [ 98%]
tests/test_wavefront.py::WavefrontLayoutTests::test_queue_rejects_bad_capacity_and_storage PASSED [ 98%]
tests/test_wavefront.py::WavefrontLayoutTests::test_queue_storage_views_share_memory PASSED [ 98%]
tests/test_wavefront.py::WavefrontLayoutTests::test_raw_denoiser_capture_is_explicitly_opt_in PASSED [ 98%]
tests/test_wavefront.py::WavefrontLayoutTests::test_ray_query_shaders_apply_instance_primitive_offsets 
tests/test_wavefront.py::WavefrontLayoutTests::test_ray_query_shaders_apply_instance_primitive_offsets PASSED [ 98%]
tests/test_wavefront.py::WavefrontLayoutTests::test_scene_blases_are_refittable_for_equal_topology_updates PASSED [ 98%]
tests/test_wavefront.py::WavefrontLayoutTests::test_scene_history_invalidation_includes_relax_history PASSED [ 98%]
tests/test_wavefront.py::WavefrontLayoutTests::test_secondary_nee_uses_temporally_stratified_path_identity PASSED [ 98%]
tests/test_wavefront.py::WavefrontLayoutTests::test_std430_record_sizes_and_offsets PASSED [ 98%]
tests/test_wavefront.py::WavefrontLayoutTests::test_wavefront_stages_share_lighting_implementation PASSED [ 98%]
tests/test_wavefront_pipeline.py::test_standalone_native_frames_cancel_resize_and_history PASSED [ 99%]
tests/test_wavefront_pipeline.py::test_primary_outputs_match_actual_sampled_rays PASSED [ 99%]
tests/test_wavefront_pipeline.py::test_resident_replacement_leases_and_content_updates PASSED [ 99%]
tests/test_wavefront_pipeline.py::test_native_linear_hdr_can_be_tone_mapped_in_the_same_graph PASSED [ 99%]
tests/test_wavefront_pipeline.py::test_imported_native_scene_matches_uploaded_lighting_and_retains_owners PASSED [ 99%]
tests/test_wavefront_pipeline.py::test_history_resets_reuse_native_commands_and_match_forced_recording PASSED [ 99%]
tests/test_workbench_scripts.py::WorkbenchScriptTests::test_catalog_rejects_duplicate_ids PASSED [ 99%]
tests/test_workbench_scripts.py::WorkbenchScriptTests::test_external_only_mode_omits_packaged_catalog PASSED [ 99%]
tests/test_workbench_scripts.py::WorkbenchScriptTests::test_object_motion_showcase_advances_only_animated_geometry PASSED [ 99%]
tests/test_workbench_scripts.py::WorkbenchScriptTests::test_packaged_catalog_is_discoverable PASSED [ 99%]
tests/test_workbench_scripts.py::WorkbenchScriptTests::test_scripts_are_discovered_without_sys_path_mutation PASSED [ 99%]
tests/test_workbench_scripts.py::WorkbenchScriptTests::test_showcase_is_lazy_and_camera_is_fitted PASSED [100%]

=================================== FAILURES ===================================
__________ VulkanGateTests.test_accepted_relax_noise_quality_baseline __________
tests/gates/test_gpu_gates.py:66: in test_accepted_relax_noise_quality_baseline
    self._run("tests.gates.noise_quality")
tests/gates/test_gpu_gates.py:22: in _run
    subprocess.run(
/usr/lib/python3.14/subprocess.py:578: in run
    raise CalledProcessError(retcode, process.args,
E   subprocess.CalledProcessError: Command '('/home/mscf/projects/personal/Ordinary/.venv/bin/python', '-m', 'tests.gates.noise_quality')' returned non-zero exit status 1.
----------------------------- Captured stdout call -----------------------------
diffuse/reference: 1/8
diffuse/reference: 2/8
diffuse/reference: 3/8
diffuse/reference: 4/8
diffuse/reference: 5/8
diffuse/reference: 6/8
diffuse/reference: 7/8
diffuse/reference: 8/8
diffuse/relax: 1/8
diffuse/relax: 2/8
diffuse/relax: 3/8
diffuse/relax: 4/8
diffuse/relax: 5/8
diffuse/relax: 6/8
diffuse/relax: 7/8
diffuse/relax: 8/8
area_light/reference: 1/8
area_light/reference: 2/8
area_light/reference: 3/8
area_light/reference: 4/8
area_light/reference: 5/8
area_light/reference: 6/8
area_light/reference: 7/8
area_light/reference: 8/8
area_light/relax: 1/8
area_light/relax: 2/8
area_light/relax: 3/8
area_light/relax: 4/8
area_light/relax: 5/8
area_light/relax: 6/8
area_light/relax: 7/8
area_light/relax: 8/8
glossy_glass/reference: 1/8
glossy_glass/reference: 2/8
glossy_glass/reference: 3/8
glossy_glass/reference: 4/8
glossy_glass/reference: 5/8
glossy_glass/reference: 6/8
glossy_glass/reference: 7/8
glossy_glass/reference: 8/8
glossy_glass/relax: 1/8
glossy_glass/relax: 2/8
glossy_glass/relax: 3/8
glossy_glass/relax: 4/8
glossy_glass/relax: 5/8
glossy_glass/relax: 6/8
glossy_glass/relax: 7/8
glossy_glass/relax: 8/8
dense_motion/reference: 1/8
dense_motion/reference: 2/8
dense_motion/reference: 3/8
dense_motion/reference: 4/8
dense_motion/reference: 5/8
dense_motion/reference: 6/8
dense_motion/reference: 7/8
dense_motion/reference: 8/8
dense_motion/relax: 1/8
dense_motion/relax: 2/8
dense_motion/relax: 3/8
dense_motion/relax: 4/8
dense_motion/relax: 5/8
dense_motion/relax: 6/8
dense_motion/relax: 7/8
dense_motion/relax: 8/8
volume_static/reference: 1/8
volume_static/reference: 2/8
volume_static/reference: 3/8
volume_static/reference: 4/8
volume_static/reference: 5/8
volume_static/reference: 6/8
volume_static/reference: 7/8
volume_static/reference: 8/8
volume_static/relax: 1/8
volume_static/relax: 2/8
volume_static/relax: 3/8
volume_static/relax: 4/8
volume_static/relax: 5/8
volume_static/relax: 6/8
volume_static/relax: 7/8
volume_static/relax: 8/8
volume_motion/reference: 1/8
volume_motion/reference: 2/8
volume_motion/reference: 3/8
volume_motion/reference: 4/8
volume_motion/reference: 5/8
volume_motion/reference: 6/8
volume_motion/reference: 7/8
volume_motion/reference: 8/8
volume_motion/relax: 1/8
volume_motion/relax: 2/8
volume_motion/relax: 3/8
volume_motion/relax: 4/8
volume_motion/relax: 5/8
volume_motion/relax: 6/8
volume_motion/relax: 7/8
volume_motion/relax: 8/8
{
  "configuration": {
    "width": 320,
    "height": 180,
    "frames": 8,
    "reference_samples": 16,
    "candidate_samples": 1,
    "max_bounces": 8,
    "area_light_samples": 2,
    "atrous_iterations": 3,
    "history_limit": 32,
    "scenarios": [
      {
        "name": "diffuse",
        "scene_name": "diffuse",
        "motion_radians": 0.0,
        "orbit_radius": 8.5,
        "camera_height": 3.2,
        "target": [
          0.0,
          1.25,
          0.0
        ]
      },
      {
        "name": "area_light",
        "scene_name": "area_lights",
        "motion_radians": 0.12,
        "orbit_radius": 8.5,
        "camera_height": 3.2,
        "target": [
          0.0,
          1.25,
          0.0
        ]
      },
      {
        "name": "glossy_glass",
        "scene_name": "glossy_glass",
        "motion_radians": 0.16,
        "orbit_radius": 8.5,
        "camera_height": 3.2,
        "target": [
          0.0,
          1.25,
          0.0
        ]
      },
      {
        "name": "dense_motion",
        "scene_name": "dense",
        "motion_radians": 0.4,
        "orbit_radius": 8.5,
        "camera_height": 3.2,
        "target": [
          0.0,
          1.25,
          0.0
        ]
      },
      {
        "name": "volume_static",
        "scene_name": "volume_isolated",
        "motion_radians": 0.0,
        "orbit_radius": 8.8,
        "camera_height": 3.5,
        "target": [
          0.0,
          1.5,
          0.0
        ]
      },
      {
        "name": "volume_motion",
        "scene_name": "volume",
        "motion_radians": 0.12,
        "orbit_radius": 8.8,
        "camera_height": 3.5,
        "target": [
          0.0,
          1.5,
          0.0
        ]
      }
    ]
  },
  "quality": {
    "diffuse": {
      "bias_mean": -0.0007538601130363531,
      "bright_edge_temporal_residual_mean": 0.0,
      "horizontal_band_rms_p95": 0.0013467862678226083,
      "low_frequency_energy_ratio_mean": 2.076942946385736,
      "positive_outlier_p999_p95": 1.0436587084064175,
      "relative_rmse_mean": 0.221427470893944,
      "relative_rmse_p95": 0.28671470235242497,
      "structural_edge_error_mean": 0.36027561500668526,
      "structural_edge_gain_mean": 0.8738926121091485,
      "temporal_residual_rmse_mean": 0.017998576164245605,
      "temporal_residual_rmse_p95": 0.022639456950128076,
      "vertical_band_rms_p95": 0.0015852262382395562
    },
    "area_light": {
      "bias_mean": -0.005317560280673206,
      "bright_edge_temporal_residual_mean": 1.2474783658981323,
      "horizontal_band_rms_p95": 0.010556635027751327,
      "low_frequency_energy_ratio_mean": 2.109237926465889,
      "positive_outlier_p999_p95": 2.434662055479398,
      "relative_rmse_mean": 0.16650866261359326,
      "relative_rmse_p95": 0.19484274516634076,
      "structural_edge_error_mean": 0.09801792446523905,
      "structural_edge_gain_mean": 0.990378024096227,
      "temporal_residual_rmse_mean": 0.1876434963196516,
      "temporal_residual_rmse_p95": 0.2523677423596382,
      "vertical_band_rms_p95": 0.012161778472363948
    },
    "glossy_glass": {
      "bias_mean": -0.0030692398140672594,
      "bright_edge_temporal_residual_mean": 1.1481065973639488,
      "horizontal_band_rms_p95": 0.008269313117489218,
      "low_frequency_energy_ratio_mean": 1.1457464578024183,
      "positive_outlier_p999_p95": 12.71664157490534,
      "relative_rmse_mean": 0.7912556302276402,
      "relative_rmse_p95": 0.8379720982783903,
      "structural_edge_error_mean": 0.34697600826621056,
      "structural_edge_gain_mean": 0.9205427707071525,
      "temporal_residual_rmse_mean": 0.13031037244945765,
      "temporal_residual_rmse_p95": 0.16914418786764143,
      "vertical_band_rms_p95": 0.010500215599313379
    },
    "dense_motion": {
      "bias_mean": -0.001286429920583032,
      "bright_edge_temporal_residual_mean": 0.0,
      "horizontal_band_rms_p95": 0.0013785066665150225,
      "low_frequency_energy_ratio_mean": 2.2172130127616514,
      "positive_outlier_p999_p95": 1.4925916215369166,
      "relative_rmse_mean": 0.3483888467325127,
      "relative_rmse_p95": 0.3505551265208658,
      "structural_edge_error_mean": 0.27115054056048393,
      "structural_edge_gain_mean": 0.9417247276874333,
      "temporal_residual_rmse_mean": 0.027324599213898182,
      "temporal_residual_rmse_p95": 0.03335449192672968,
      "vertical_band_rms_p95": 0.0016719416773412377
    },
    "volume_static": {
      "bias_mean": 0.00014554681456502294,
      "bright_edge_temporal_residual_mean": 0.044929695315659046,
      "horizontal_band_rms_p95": 0.00030753789760638026,
      "low_frequency_energy_ratio_mean": 1.5282141425772213,
      "positive_outlier_p999_p95": 0.35531094436668365,
      "relative_rmse_mean": 0.03870537609734846,
      "relative_rmse_p95": 0.039561105370110206,
      "structural_edge_error_mean": 0.01899773720651865,
      "structural_edge_gain_mean": 1.0027219780277399,
      "temporal_residual_rmse_mean": 0.009970926097594202,
      "temporal_residual_rmse_p95": 0.013082148367539048,
      "vertical_band_rms_p95": 0.00044099413062212987
    },
    "volume_motion": {
      "bias_mean": -0.0030746019911020994,
      "bright_edge_temporal_residual_mean": 2.740271210670471,
      "horizontal_band_rms_p95": 0.01811544373631477,
      "low_frequency_energy_ratio_mean": 1.4153812574043583,
      "positive_outlier_p999_p95": 0.9313401379186055,
      "relative_rmse_mean": 0.18409514562942497,
      "relative_rmse_p95": 0.20274729210925588,
      "structural_edge_error_mean": 0.0734085813164711,
      "structural_edge_gain_mean": 0.9989536010458957,
      "temporal_residual_rmse_mean": 0.2253625188022852,
      "temporal_residual_rmse_p95": 0.298870313167572,
      "vertical_band_rms_p95": 0.014919596165418625
    }
  },
  "timings": {
    "diffuse": {
      "reference_gpu_ms_mean": 2.005172,
      "candidate_gpu_ms_mean": 0.8333680000000001
    },
    "area_light": {
      "reference_gpu_ms_mean": 2.213884,
      "candidate_gpu_ms_mean": 0.500444
    },
    "glossy_glass": {
      "reference_gpu_ms_mean": 1.809248,
      "candidate_gpu_ms_mean": 0.33573600000000003
    },
    "dense_motion": {
      "reference_gpu_ms_mean": 1.730004,
      "candidate_gpu_ms_mean": 0.326292
    },
    "volume_static": {
      "reference_gpu_ms_mean": 2.5697039999999998,
      "candidate_gpu_ms_mean": 0.41136
    },
    "volume_motion": {
      "reference_gpu_ms_mean": 20.13608,
      "candidate_gpu_ms_mean": 3.1187880000000003
    }
  },
  "candidate_median_gpu_ms": {
    "diffuse": 0.8808480000000001,
    "area_light": 0.591648,
    "glossy_glass": 0.443184,
    "dense_motion": 0.43155200000000005,
    "volume_static": 0.546896,
    "volume_motion": 4.116592000000001
  }
}
FAIL: accepted noise-quality baseline regressed
  area_light/low_frequency_energy_ratio_mean: 2.109238 > 2.071776 (accepted 1.883433)
  volume_motion/median_gpu_ms: 4.116592 > 2.240717 (accepted 1.867264)
_____________ VulkanGateTests.test_cross_scene_quality_and_parity ______________
tests/gates/test_gpu_gates.py:60: in test_cross_scene_quality_and_parity
    self._run(
tests/gates/test_gpu_gates.py:22: in _run
    subprocess.run(
/usr/lib/python3.14/subprocess.py:578: in run
    raise CalledProcessError(retcode, process.args,
E   subprocess.CalledProcessError: Command '('/home/mscf/projects/personal/Ordinary/.venv/bin/python', '-m', 'tests.gates.validation_matrix', '--stages', 'indirect', 'restir', 'parity', 'termination', 'performance', '--output', '/tmp/ordinarylight_validation_matrix')' returned non-zero exit status 1.
----------------------------- Captured stdout call -----------------------------

=== area_lights / indirect ===
reference: 1/8
reference: 2/8
reference: 3/8
reference: 4/8
reference: 5/8
reference: 6/8
reference: 7/8
reference: 8/8
conventional: 1/8
conventional: 2/8
conventional: 3/8
conventional: 4/8
conventional: 5/8
conventional: 6/8
conventional: 7/8
conventional: 8/8
reuse: 1/8
reuse: 2/8
reuse: 3/8
reuse: 4/8
reuse: 5/8
reuse: 6/8
reuse: 7/8
reuse: 8/8
{
  "scene": "area_lights",
  "extent": [
    320,
    180
  ],
  "frames": 8,
  "quality": {
    "conventional": {
      "mae_mean": 0.07407009322196245,
      "mae_p95": 0.07512315697968006,
      "mae_max": 0.07531016319990158,
      "rmse_mean": 0.30887293443083763,
      "rmse_p95": 0.31918034702539444,
      "rmse_max": 0.3204030990600586,
      "relative_rmse_mean": 0.3107508944674693,
      "relative_rmse_p95": 0.32123472975028516,
      "relative_rmse_max": 0.3217902104867938,
      "bias_mean": 0.0005591582212218782,
      "bias_p95": 0.0014843639277387407,
      "bias_max": 0.0016878037713468075,
      "temporal_residual_rmse_mean": 0.38505954667925835,
      "temporal_residual_rmse_p95": 0.44745481461286546,
      "temporal_residual_rmse_max": 0.44822680950164795,
      "history_lag_ratio_mean": 0.7367506117583207,
      "history_lag_ratio_p95": 0.8706957598689901,
      "history_lag_ratio_max": 0.8840165023396046,
      "horizontal_band_rms_mean": 0.012472543283365667,
      "horizontal_band_rms_p95": 0.014500665804371237,
      "horizontal_band_rms_max": 0.015025602653622627,
      "vertical_band_rms_mean": 0.01781197520904243,
      "vertical_band_rms_p95": 0.020183401927351952,
      "vertical_band_rms_max": 0.020321959629654884,
      "band_anisotropy_mean": 0.9410994302885265,
      "band_anisotropy_p95": 1.0911273759369804,
      "band_anisotropy_max": 1.102177685920631,
      "low_frequency_energy_ratio_mean": 0.987110465290383,
      "low_frequency_energy_ratio_p95": 1.1697126061010819,
      "low_frequency_energy_ratio_max": 1.1795933379863317,
      "positive_outlier_p999_mean": 5.349038081725986,
      "positive_outlier_p999_p95": 5.51818102788072,
      "positive_outlier_p999_max": 5.536912578444671,
      "edge_gradient_gain_mean": 1.0128650333313325,
      "edge_gradient_gain_p95": 1.0458462396545238,
      "edge_gradient_gain_max": 1.0497212030773273,
      "edge_gradient_error_mean": 1.3462231507231979,
      "edge_gradient_error_p95": 1.3984800245029396,
      "edge_gradient_error_max": 1.3991720400944943
    },
    "reuse": {
      "mae_mean": 0.07387473713606596,
      "mae_p95": 0.07488840594887733,
      "mae_max": 0.07501477003097534,
      "rmse_mean": 0.3067074194550514,
      "rmse_p95": 0.3159483566880226,
      "rmse_max": 0.31704965233802795,
      "relative_rmse_mean": 0.30857001127496353,
      "relative_rmse_p95": 0.3179823668272568,
      "relative_rmse_max": 0.3184222457894979,
      "bias_mean": 0.0013624724670080468,
      "bias_p95": 0.0018416663748212158,
      "bias_max": 0.0019245154689997435,
      "temporal_residual_rmse_mean": 0.3820694349706173,
      "temporal_residual_rmse_p95": 0.44445370584726335,
      "temporal_residual_rmse_max": 0.4458380937576294,
      "history_lag_ratio_mean": 0.7353748558132192,
      "history_lag_ratio_p95": 0.8695386153167108,
      "history_lag_ratio_max": 0.883157305038701,
      "horizontal_band_rms_mean": 0.012467092601582408,
      "horizontal_band_rms_p95": 0.014551654225215316,
      "horizontal_band_rms_max": 0.015025602653622627,
      "vertical_band_rms_mean": 0.017528862925246358,
      "vertical_band_rms_p95": 0.019474441092461346,
      "vertical_band_rms_max": 0.01965831220149994,
      "band_anisotropy_mean": 0.9542516148925645,
      "band_anisotropy_p95": 1.09331092049698,
      "band_anisotropy_max": 1.102177685920631,
      "low_frequency_energy_ratio_mean": 1.0041364329831244,
      "low_frequency_energy_ratio_p95": 1.2916015924241107,
      "low_frequency_energy_ratio_max": 1.369389259041502,
      "positive_outlier_p999_mean": 5.297104717782573,
      "positive_outlier_p999_p95": 5.4256874525891785,
      "positive_outlier_p999_max": 5.456179086694179,
      "edge_gradient_gain_mean": 1.0105536714311025,
      "edge_gradient_gain_p95": 1.0442354034409314,
      "edge_gradient_gain_max": 1.0472429935179541,
      "edge_gradient_error_mean": 1.3361373309093796,
      "edge_gradient_error_p95": 1.3832591355917248,
      "edge_gradient_error_max": 1.3859668939803553
    }
  },
  "gpu_median_ms": {
    "reference": 146.962208,
    "conventional": 8.215696000000001,
    "reuse": 8.334432
  }
}
PASS: indirect reuse improves HDR error within stability limits
PASS in 26.3s

=== area_lights / restir ===
reference: frame 1/8
reference: frame 2/8
reference: frame 3/8
reference: frame 4/8
reference: frame 5/8
reference: frame 6/8
reference: frame 7/8
reference: frame 8/8
reference: capture complete -> /tmp/ordinarylight_validation_matrix/restir/area_lights_reference.npy
conventional: frame 1/8
conventional: frame 2/8
conventional: frame 3/8
conventional: frame 4/8
conventional: frame 5/8
conventional: frame 6/8
conventional: frame 7/8
conventional: frame 8/8
conventional: capture complete -> /tmp/ordinarylight_validation_matrix/restir/area_lights_conventional.npy
canonical: frame 1/8
canonical: frame 2/8
canonical: frame 3/8
canonical: frame 4/8
canonical: frame 5/8
canonical: frame 6/8
canonical: frame 7/8
canonical: frame 8/8
canonical: capture complete -> /tmp/ordinarylight_validation_matrix/restir/area_lights_canonical.npy
pairwise: frame 1/8
pairwise: frame 2/8
pairwise: frame 3/8
pairwise: frame 4/8
pairwise: frame 5/8
pairwise: frame 6/8
pairwise: frame 7/8
pairwise: frame 8/8
pairwise: capture complete -> /tmp/ordinarylight_validation_matrix/restir/area_lights_pairwise.npy
Captures saved incrementally; metadata -> /tmp/ordinarylight_validation_matrix/restir/area_lights_metadata.json
Computing per-frame HDR and temporal metrics...
Quality metrics -> /tmp/ordinarylight_validation_matrix/restir/area_lights_metrics.csv
Performance and reuse metrics -> /tmp/ordinarylight_validation_matrix/restir/area_lights_performance.csv
Computing aggregate summaries...
conventional
  mae_mean=0.06394415
  mae_p95=0.066369929
  mae_max=0.066596113
  rmse_mean=0.29264016
  rmse_p95=0.31434182
  rmse_max=0.31880736
  relative_rmse_mean=0.29730443
  relative_rmse_p95=0.31793881
  relative_rmse_max=0.32280584
  bias_mean=0.00084738542
  bias_p95=0.0023325694
  bias_max=0.0027845521
  temporal_residual_rmse_mean=0.3641497
  temporal_residual_rmse_p95=0.44444602
  temporal_residual_rmse_max=0.44819063
  history_lag_ratio_mean=0.48729076
  history_lag_ratio_p95=0.59315497
  history_lag_ratio_max=0.60298513
  horizontal_band_rms_mean=0.012119938
  horizontal_band_rms_p95=0.014395835
  horizontal_band_rms_max=0.01506334
  vertical_band_rms_mean=0.016876767
  vertical_band_rms_p95=0.019630865
  vertical_band_rms_max=0.020317232
  band_anisotropy_mean=0.96203625
  band_anisotropy_p95=1.0954813
  band_anisotropy_max=1.122099
  low_frequency_energy_ratio_mean=1.2035751
  low_frequency_energy_ratio_p95=1.7083697
  low_frequency_energy_ratio_max=1.8302334
  positive_outlier_p999_mean=5.1590474
  positive_outlier_p999_p95=5.3871105
  positive_outlier_p999_max=5.4661781
  edge_gradient_gain_mean=1.0057687
  edge_gradient_gain_p95=1.0360361
  edge_gradient_gain_max=1.0384435
  edge_gradient_error_mean=1.2696986
  edge_gradient_error_p95=1.3659233
  edge_gradient_error_max=1.3904735
canonical
  mae_mean=0.06394415
  mae_p95=0.066369929
  mae_max=0.066596113
  rmse_mean=0.29264016
  rmse_p95=0.31434182
  rmse_max=0.31880736
  relative_rmse_mean=0.29730443
  relative_rmse_p95=0.31793881
  relative_rmse_max=0.32280584
  bias_mean=0.00084738542
  bias_p95=0.0023325694
  bias_max=0.0027845521
  temporal_residual_rmse_mean=0.3641497
  temporal_residual_rmse_p95=0.44444602
  temporal_residual_rmse_max=0.44819063
  history_lag_ratio_mean=0.48729076
  history_lag_ratio_p95=0.59315497
  history_lag_ratio_max=0.60298513
  horizontal_band_rms_mean=0.012119938
  horizontal_band_rms_p95=0.014395835
  horizontal_band_rms_max=0.01506334
  vertical_band_rms_mean=0.016876767
  vertical_band_rms_p95=0.019630865
  vertical_band_rms_max=0.020317232
  band_anisotropy_mean=0.96203625
  band_anisotropy_p95=1.0954813
  band_anisotropy_max=1.122099
  low_frequency_energy_ratio_mean=1.2035751
  low_frequency_energy_ratio_p95=1.7083697
  low_frequency_energy_ratio_max=1.8302334
  positive_outlier_p999_mean=5.1590474
  positive_outlier_p999_p95=5.3871105
  positive_outlier_p999_max=5.4661781
  edge_gradient_gain_mean=1.0057687
  edge_gradient_gain_p95=1.0360361
  edge_gradient_gain_max=1.0384435
  edge_gradient_error_mean=1.2696986
  edge_gradient_error_p95=1.3659233
  edge_gradient_error_max=1.3904735
pairwise
  mae_mean=0.06394415
  mae_p95=0.066369929
  mae_max=0.066596113
  rmse_mean=0.29264016
  rmse_p95=0.31434182
  rmse_max=0.31880736
  relative_rmse_mean=0.29730443
  relative_rmse_p95=0.31793881
  relative_rmse_max=0.32280584
  bias_mean=0.00084738542
  bias_p95=0.0023325694
  bias_max=0.0027845521
  temporal_residual_rmse_mean=0.3641497
  temporal_residual_rmse_p95=0.44444602
  temporal_residual_rmse_max=0.44819063
  history_lag_ratio_mean=0.48729076
  history_lag_ratio_p95=0.59315497
  history_lag_ratio_max=0.60298513
  horizontal_band_rms_mean=0.012119938
  horizontal_band_rms_p95=0.014395835
  horizontal_band_rms_max=0.01506334
  vertical_band_rms_mean=0.016876767
  vertical_band_rms_p95=0.019630865
  vertical_band_rms_max=0.020317232
  band_anisotropy_mean=0.96203625
  band_anisotropy_p95=1.0954813
  band_anisotropy_max=1.122099
  low_frequency_energy_ratio_mean=1.2035751
  low_frequency_energy_ratio_p95=1.7083697
  low_frequency_energy_ratio_max=1.8302334
  positive_outlier_p999_mean=5.1590474
  positive_outlier_p999_p95=5.3871105
  positive_outlier_p999_max=5.4661781
  edge_gradient_gain_mean=1.0057687
  edge_gradient_gain_p95=1.0360361
  edge_gradient_gain_max=1.0384435
  edge_gradient_error_mean=1.2696986
  edge_gradient_error_p95=1.3659233
  edge_gradient_error_max=1.3904735
Aggregate summary -> /tmp/ordinarylight_validation_matrix/restir/area_lights_summary.json
PASS: ReSTIR strategies are within configured tolerances
PASS in 33.8s

=== area_lights / parity ===
Rendering canonical wavefront implementation...
Rendering feature-equivalent megakernel implementation...
Rendering SER ray-generation megakernel implementation...
Rendering hybrid implementation...
Rendering persistent-continuation hybrid implementation...
Rendering persistent implementation...
Rendering coarse-tile persistent implementation...
megakernel
  mae=0
  rmse=0
  relative_rmse=0
  max_absolute=0
ser
  mae=0
  rmse=0
  relative_rmse=0
  max_absolute=0
hybrid
  mae=0
  rmse=0
  relative_rmse=0
  max_absolute=0
hybrid_persistent
  mae=0
  rmse=0
  relative_rmse=0
  max_absolute=0
persistent
  mae=0
  rmse=0
  relative_rmse=0
  max_absolute=0
persistent_coarse
  mae=0
  rmse=0
  relative_rmse=0
  max_absolute=0
PASS: execution strategies are within the configured HDR tolerance
PASS in 74.2s

=== area_lights / termination ===
reference: 1/8
reference: 2/8
reference: 3/8
reference: 4/8
reference: 5/8
reference: 6/8
reference: 7/8
reference: 8/8
baseline: 1/8
baseline: 2/8
baseline: 3/8
baseline: 4/8
baseline: 5/8
baseline: 6/8
baseline: 7/8
baseline: 8/8
roulette: 1/8
roulette: 2/8
roulette: 3/8
roulette: 4/8
roulette: 5/8
roulette: 6/8
roulette: 7/8
roulette: 8/8
{
  "scene": "area_lights",
  "extent": [
    320,
    180
  ],
  "frames": 8,
  "baseline_bounces": 8,
  "candidate_bounces": null,
  "roulette_start": 4,
  "limits": {
    "max_error_ratio": 1.25,
    "max_temporal_ratio": 1.25,
    "max_low_frequency_ratio": 1.15,
    "max_abs_bias": 0.01
  },
  "quality": {
    "baseline": {
      "mae_mean": 0.10147606302052736,
      "mae_p95": 0.103499885648489,
      "mae_max": 0.10367671400308609,
      "rmse_mean": 0.31447628885507584,
      "rmse_p95": 0.33683788180351254,
      "rmse_max": 0.3408108949661255,
      "relative_rmse_mean": 0.31293778519642723,
      "relative_rmse_p95": 0.335178062562596,
      "relative_rmse_max": 0.33911902068440164,
      "bias_mean": 0.0010973584394378122,
      "bias_p95": 0.0018937512941192833,
      "bias_max": 0.0019714231602847576,
      "temporal_residual_rmse_mean": 0.3926870562136173,
      "temporal_residual_rmse_p95": 0.47323860228061676,
      "temporal_residual_rmse_max": 0.4762997329235077,
      "history_lag_ratio_mean": 0.5801102240340453,
      "history_lag_ratio_p95": 0.6915265057615144,
      "history_lag_ratio_max": 0.6949102030345586,
      "horizontal_band_rms_mean": 0.013006716966629028,
      "horizontal_band_rms_p95": 0.01481096614152193,
      "horizontal_band_rms_max": 0.015384651720523834,
      "vertical_band_rms_mean": 0.01783059467561543,
      "vertical_band_rms_p95": 0.019401183258742093,
      "vertical_band_rms_max": 0.019866151735186577,
      "band_anisotropy_mean": 0.975938817977192,
      "band_anisotropy_p95": 1.0988760447890984,
      "band_anisotropy_max": 1.1183950929971365,
      "low_frequency_energy_ratio_mean": 0.9834209731511343,
      "low_frequency_energy_ratio_p95": 1.1635909872487762,
      "low_frequency_energy_ratio_max": 1.2293345914580502,
      "positive_outlier_p999_mean": 5.134065780036722,
      "positive_outlier_p999_p95": 5.327388354098882,
      "positive_outlier_p999_max": 5.334245145687874,
      "edge_gradient_gain_mean": 1.0184204200947025,
      "edge_gradient_gain_p95": 1.0683390482420576,
      "edge_gradient_gain_max": 1.0686859349247395,
      "edge_gradient_error_mean": 1.284875791490157,
      "edge_gradient_error_p95": 1.393459652564443,
      "edge_gradient_error_max": 1.3990279684566842
    },
    "roulette": {
      "mae_mean": 0.1083248145878315,
      "mae_p95": 0.11004546508193017,
      "mae_max": 0.11049456894397736,
      "rmse_mean": 0.33219487592577934,
      "rmse_p95": 0.35043103992938995,
      "rmse_max": 0.35655632615089417,
      "relative_rmse_mean": 0.33056409164612616,
      "relative_rmse_p95": 0.34870409989181256,
      "relative_rmse_max": 0.35478628743701857,
      "bias_mean": 0.0015044812553242082,
      "bias_p95": 0.002374740282539278,
      "bias_max": 0.0024063121527433395,
      "temporal_residual_rmse_mean": 0.4132273197174072,
      "temporal_residual_rmse_p95": 0.49053784757852553,
      "temporal_residual_rmse_max": 0.49423086643218994,
      "history_lag_ratio_mean": 0.5972845537294724,
      "history_lag_ratio_p95": 0.7041571080672004,
      "history_lag_ratio_max": 0.7054618717298533,
      "horizontal_band_rms_mean": 0.013891538372263312,
      "horizontal_band_rms_p95": 0.01619307775981724,
      "horizontal_band_rms_max": 0.016651032492518425,
      "vertical_band_rms_mean": 0.018766912166029215,
      "vertical_band_rms_p95": 0.02055224487558007,
      "vertical_band_rms_max": 0.020978065207600594,
      "band_anisotropy_mean": 0.9901867957450697,
      "band_anisotropy_p95": 1.1535514969717202,
      "band_anisotropy_max": 1.1651687665421853,
      "low_frequency_energy_ratio_mean": 0.9861494289137996,
      "low_frequency_energy_ratio_p95": 1.1713725856075492,
      "low_frequency_energy_ratio_max": 1.2277433838552008,
      "positive_outlier_p999_mean": 5.32487338162445,
      "positive_outlier_p999_p95": 5.403652211506501,
      "positive_outlier_p999_max": 5.412254030639276,
      "edge_gradient_gain_mean": 1.0207847259444431,
      "edge_gradient_gain_p95": 1.0695444961783496,
      "edge_gradient_gain_max": 1.0758330421067022,
      "edge_gradient_error_mean": 1.3515042757550617,
      "edge_gradient_error_p95": 1.4320161490918857,
      "edge_gradient_error_max": 1.4553336711863616
    }
  }
}
PASS: path termination preserves configured HDR quality
PASS in 6.7s

=== area_lights / performance ===
FAIL in 0.0s

=== diffuse / indirect ===
reference: 1/8
reference: 2/8
reference: 3/8
reference: 4/8
reference: 5/8
reference: 6/8
reference: 7/8
reference: 8/8
conventional: 1/8
conventional: 2/8
conventional: 3/8
conventional: 4/8
conventional: 5/8
conventional: 6/8
conventional: 7/8
conventional: 8/8
reuse: 1/8
reuse: 2/8
reuse: 3/8
reuse: 4/8
reuse: 5/8
reuse: 6/8
reuse: 7/8
reuse: 8/8
{
  "scene": "diffuse",
  "extent": [
    320,
    180
  ],
  "frames": 8,
  "quality": {
    "conventional": {
      "mae_mean": 0.04448638763278723,
      "mae_p95": 0.044655760191380976,
      "mae_max": 0.04466120898723602,
      "rmse_mean": 0.058853412978351116,
      "rmse_p95": 0.05905744694173336,
      "rmse_max": 0.05906471982598305,
      "relative_rmse_mean": 0.7586046880974091,
      "relative_rmse_p95": 0.7614191423819183,
      "relative_rmse_max": 0.762162559978895,
      "bias_mean": 0.00019581504238885827,
      "bias_p95": 0.0004420733763254246,
      "bias_max": 0.0005358761991374195,
      "temporal_residual_rmse_mean": 0.0731495888903737,
      "temporal_residual_rmse_p95": 0.08621840886771678,
      "temporal_residual_rmse_max": 0.08791498839855194,
      "history_lag_ratio_mean": 0.8286720994932617,
      "history_lag_ratio_p95": 0.9782005923758568,
      "history_lag_ratio_max": 0.9985181308547765,
      "horizontal_band_rms_mean": 0.002647386980243027,
      "horizontal_band_rms_p95": 0.0028446023003198206,
      "horizontal_band_rms_max": 0.00286972988396883,
      "vertical_band_rms_mean": 0.0034451904357410967,
      "vertical_band_rms_p95": 0.003645789052825421,
      "vertical_band_rms_max": 0.003654270200058818,
      "band_anisotropy_mean": 1.02687455831775,
      "band_anisotropy_p95": 1.1355904832332664,
      "band_anisotropy_max": 1.1527792908006984,
      "low_frequency_energy_ratio_mean": 1.0056614823854315,
      "low_frequency_energy_ratio_p95": 1.0923560447811793,
      "low_frequency_energy_ratio_max": 1.1227551206516533,
      "positive_outlier_p999_mean": 2.6931480737545,
      "positive_outlier_p999_p95": 2.7171005885578263,
      "positive_outlier_p999_max": 2.7213497691290396,
      "edge_gradient_gain_mean": 1.0264430693092197,
      "edge_gradient_gain_p95": 1.0539478495119874,
      "edge_gradient_gain_max": 1.0551139369050018,
      "edge_gradient_error_mean": 1.203548858289036,
      "edge_gradient_error_p95": 1.217157665563375,
      "edge_gradient_error_max": 1.2219498021385213
    },
    "reuse": {
      "mae_mean": 0.04423022549599409,
      "mae_p95": 0.04449352938681841,
      "mae_max": 0.044572580605745316,
      "rmse_mean": 0.05855006072670221,
      "rmse_p95": 0.05886242836713791,
      "rmse_max": 0.05895400047302246,
      "relative_rmse_mean": 0.7546949550304766,
      "relative_rmse_p95": 0.7591002469004401,
      "relative_rmse_max": 0.7600385097018187,
      "bias_mean": 0.0002284190247650031,
      "bias_p95": 0.00043473245314089575,
      "bias_max": 0.00048727908870205283,
      "temporal_residual_rmse_mean": 0.07272880338132381,
      "temporal_residual_rmse_p95": 0.08577318675816059,
      "temporal_residual_rmse_max": 0.08740781247615814,
      "history_lag_ratio_mean": 0.8285531145968208,
      "history_lag_ratio_p95": 0.9782201196703737,
      "history_lag_ratio_max": 0.9986285514208282,
      "horizontal_band_rms_mean": 0.0026271983806509525,
      "horizontal_band_rms_p95": 0.002822856791317463,
      "horizontal_band_rms_max": 0.0028475536964833736,
      "vertical_band_rms_mean": 0.0034258455561939627,
      "vertical_band_rms_p95": 0.0036256276653148234,
      "vertical_band_rms_max": 0.0036300383508205414,
      "band_anisotropy_mean": 1.0245934932838614,
      "band_anisotropy_p95": 1.130644236527229,
      "band_anisotropy_max": 1.1511079348576903,
      "low_frequency_energy_ratio_mean": 0.9911402949364856,
      "low_frequency_energy_ratio_p95": 1.095088910472651,
      "low_frequency_energy_ratio_max": 1.1227551206516533,
      "positive_outlier_p999_mean": 2.69237344837944,
      "positive_outlier_p999_p95": 2.718253518586444,
      "positive_outlier_p999_max": 2.7213497691290396,
      "edge_gradient_gain_mean": 1.0229846598934582,
      "edge_gradient_gain_p95": 1.0506200537273036,
      "edge_gradient_gain_max": 1.05146003932393,
      "edge_gradient_error_mean": 1.199527326874842,
      "edge_gradient_error_p95": 1.2156526168567667,
      "edge_gradient_error_max": 1.2219498021385213
    }
  },
  "gpu_median_ms": {
    "reference": 123.9756,
    "conventional": 7.491648,
    "reuse": 4.700272
  }
}
PASS: indirect reuse improves HDR error within stability limits
PASS in 13.7s

=== diffuse / restir ===
reference: frame 1/8
reference: frame 2/8
reference: frame 3/8
reference: frame 4/8
reference: frame 5/8
reference: frame 6/8
reference: frame 7/8
reference: frame 8/8
reference: capture complete -> /tmp/ordinarylight_validation_matrix/restir/diffuse_reference.npy
conventional: frame 1/8
conventional: frame 2/8
conventional: frame 3/8
conventional: frame 4/8
conventional: frame 5/8
conventional: frame 6/8
conventional: frame 7/8
conventional: frame 8/8
conventional: capture complete -> /tmp/ordinarylight_validation_matrix/restir/diffuse_conventional.npy
canonical: frame 1/8
canonical: frame 2/8
canonical: frame 3/8
canonical: frame 4/8
canonical: frame 5/8
canonical: frame 6/8
canonical: frame 7/8
canonical: frame 8/8
canonical: capture complete -> /tmp/ordinarylight_validation_matrix/restir/diffuse_canonical.npy
pairwise: frame 1/8
pairwise: frame 2/8
pairwise: frame 3/8
pairwise: frame 4/8
pairwise: frame 5/8
pairwise: frame 6/8
pairwise: frame 7/8
pairwise: frame 8/8
pairwise: capture complete -> /tmp/ordinarylight_validation_matrix/restir/diffuse_pairwise.npy
Captures saved incrementally; metadata -> /tmp/ordinarylight_validation_matrix/restir/diffuse_metadata.json
Computing per-frame HDR and temporal metrics...
Quality metrics -> /tmp/ordinarylight_validation_matrix/restir/diffuse_metrics.csv
Performance and reuse metrics -> /tmp/ordinarylight_validation_matrix/restir/diffuse_performance.csv
Computing aggregate summaries...
conventional
  mae_mean=0.039393814
  mae_p95=0.039793271
  mae_max=0.039894413
  rmse_mean=0.051944508
  rmse_p95=0.052399935
  rmse_max=0.052521985
  relative_rmse_mean=0.79111906
  relative_rmse_p95=0.79680542
  relative_rmse_max=0.79836877
  bias_mean=0.00019679944
  bias_p95=0.00053181402
  bias_max=0.0006363953
  temporal_residual_rmse_mean=0.064570082
  temporal_residual_rmse_p95=0.075945544
  temporal_residual_rmse_max=0.077169023
  history_lag_ratio_mean=0.82634833
  history_lag_ratio_p95=0.9739375
  history_lag_ratio_max=0.99393072
  horizontal_band_rms_mean=0.0023956798
  horizontal_band_rms_p95=0.0025897452
  horizontal_band_rms_max=0.0026173836
  vertical_band_rms_mean=0.0030678367
  vertical_band_rms_p95=0.0032256023
  vertical_band_rms_max=0.0032556474
  band_anisotropy_mean=1.0441491
  band_anisotropy_p95=1.1555441
  band_anisotropy_max=1.1555544
  low_frequency_energy_ratio_mean=1.0317684
  low_frequency_energy_ratio_p95=1.1037981
  low_frequency_energy_ratio_max=1.1136091
  positive_outlier_p999_mean=2.2171169
  positive_outlier_p999_p95=2.2377348
  positive_outlier_p999_max=2.2392388
  edge_gradient_gain_mean=1.0191473
  edge_gradient_gain_p95=1.0485708
  edge_gradient_gain_max=1.0534555
  edge_gradient_error_mean=1.3246448
  edge_gradient_error_p95=1.3319962
  edge_gradient_error_max=1.3327019
canonical
  mae_mean=0.039393814
  mae_p95=0.039793271
  mae_max=0.039894413
  rmse_mean=0.051944508
  rmse_p95=0.052399935
  rmse_max=0.052521985
  relative_rmse_mean=0.79111906
  relative_rmse_p95=0.79680542
  relative_rmse_max=0.79836877
  bias_mean=0.00019679944
  bias_p95=0.00053181402
  bias_max=0.0006363953
  temporal_residual_rmse_mean=0.064570082
  temporal_residual_rmse_p95=0.075945544
  temporal_residual_rmse_max=0.077169023
  history_lag_ratio_mean=0.82634833
  history_lag_ratio_p95=0.9739375
  history_lag_ratio_max=0.99393072
  horizontal_band_rms_mean=0.0023956798
  horizontal_band_rms_p95=0.0025897452
  horizontal_band_rms_max=0.0026173836
  vertical_band_rms_mean=0.0030678367
  vertical_band_rms_p95=0.0032256023
  vertical_band_rms_max=0.0032556474
  band_anisotropy_mean=1.0441491
  band_anisotropy_p95=1.1555441
  band_anisotropy_max=1.1555544
  low_frequency_energy_ratio_mean=1.0317684
  low_frequency_energy_ratio_p95=1.1037981
  low_frequency_energy_ratio_max=1.1136091
  positive_outlier_p999_mean=2.2171169
  positive_outlier_p999_p95=2.2377348
  positive_outlier_p999_max=2.2392388
  edge_gradient_gain_mean=1.0191473
  edge_gradient_gain_p95=1.0485708
  edge_gradient_gain_max=1.0534555
  edge_gradient_error_mean=1.3246448
  edge_gradient_error_p95=1.3319962
  edge_gradient_error_max=1.3327019
pairwise
  mae_mean=0.039393814
  mae_p95=0.039793271
  mae_max=0.039894413
  rmse_mean=0.051944508
  rmse_p95=0.052399935
  rmse_max=0.052521985
  relative_rmse_mean=0.79111906
  relative_rmse_p95=0.79680542
  relative_rmse_max=0.79836877
  bias_mean=0.00019679944
  bias_p95=0.00053181402
  bias_max=0.0006363953
  temporal_residual_rmse_mean=0.064570082
  temporal_residual_rmse_p95=0.075945544
  temporal_residual_rmse_max=0.077169023
  history_lag_ratio_mean=0.82634833
  history_lag_ratio_p95=0.9739375
  history_lag_ratio_max=0.99393072
  horizontal_band_rms_mean=0.0023956798
  horizontal_band_rms_p95=0.0025897452
  horizontal_band_rms_max=0.0026173836
  vertical_band_rms_mean=0.0030678367
  vertical_band_rms_p95=0.0032256023
  vertical_band_rms_max=0.0032556474
  band_anisotropy_mean=1.0441491
  band_anisotropy_p95=1.1555441
  band_anisotropy_max=1.1555544
  low_frequency_energy_ratio_mean=1.0317684
  low_frequency_energy_ratio_p95=1.1037981
  low_frequency_energy_ratio_max=1.1136091
  positive_outlier_p999_mean=2.2171169
  positive_outlier_p999_p95=2.2377348
  positive_outlier_p999_max=2.2392388
  edge_gradient_gain_mean=1.0191473
  edge_gradient_gain_p95=1.0485708
  edge_gradient_gain_max=1.0534555
  edge_gradient_error_mean=1.3246448
  edge_gradient_error_p95=1.3319962
  edge_gradient_error_max=1.3327019
Aggregate summary -> /tmp/ordinarylight_validation_matrix/restir/diffuse_summary.json
PASS: ReSTIR strategies are within configured tolerances
PASS in 17.6s

=== diffuse / parity ===
Rendering canonical wavefront implementation...
Rendering feature-equivalent megakernel implementation...
Rendering SER ray-generation megakernel implementation...
Rendering hybrid implementation...
Rendering persistent-continuation hybrid implementation...
Rendering persistent implementation...
Rendering coarse-tile persistent implementation...
megakernel
  mae=0
  rmse=0
  relative_rmse=0
  max_absolute=0
ser
  mae=0
  rmse=0
  relative_rmse=0
  max_absolute=0
hybrid
  mae=0
  rmse=0
  relative_rmse=0
  max_absolute=0
hybrid_persistent
  mae=0
  rmse=0
  relative_rmse=0
  max_absolute=0
persistent
  mae=0
  rmse=0
  relative_rmse=0
  max_absolute=0
persistent_coarse
  mae=0
  rmse=0
  relative_rmse=0
  max_absolute=0
PASS: execution strategies are within the configured HDR tolerance
PASS in 40.7s

=== diffuse / termination ===
reference: 1/8
reference: 2/8
reference: 3/8
reference: 4/8
reference: 5/8
reference: 6/8
reference: 7/8
reference: 8/8
baseline: 1/8
baseline: 2/8
baseline: 3/8
baseline: 4/8
baseline: 5/8
baseline: 6/8
baseline: 7/8
baseline: 8/8
roulette: 1/8
roulette: 2/8
roulette: 3/8
roulette: 4/8
roulette: 5/8
roulette: 6/8
roulette: 7/8
roulette: 8/8
{
  "scene": "diffuse",
  "extent": [
    320,
    180
  ],
  "frames": 8,
  "baseline_bounces": 8,
  "candidate_bounces": null,
  "roulette_start": 4,
  "limits": {
    "max_error_ratio": 1.25,
    "max_temporal_ratio": 1.25,
    "max_low_frequency_ratio": 1.15,
    "max_abs_bias": 0.01
  },
  "quality": {
    "baseline": {
      "mae_mean": 0.07781232427805662,
      "mae_p95": 0.07838128693401814,
      "mae_max": 0.07863612473011017,
      "rmse_mean": 0.10263604205101728,
      "rmse_p95": 0.1032966323196888,
      "rmse_max": 0.10357680916786194,
      "relative_rmse_mean": 0.788580015408328,
      "relative_rmse_p95": 0.7930644935447486,
      "relative_rmse_max": 0.794860462172348,
      "bias_mean": 9.683862390374998e-05,
      "bias_p95": 0.0007322491001104935,
      "bias_max": 0.0008096048841252923,
      "temporal_residual_rmse_mean": 0.12759350799024105,
      "temporal_residual_rmse_p95": 0.1502970091998577,
      "temporal_residual_rmse_max": 0.1529458463191986,
      "history_lag_ratio_mean": 0.8273847379178265,
      "history_lag_ratio_p95": 0.9763680214156103,
      "history_lag_ratio_max": 0.9969281832295608,
      "horizontal_band_rms_mean": 0.004773217719048262,
      "horizontal_band_rms_p95": 0.005169392377138138,
      "horizontal_band_rms_max": 0.005214962642639875,
      "vertical_band_rms_mean": 0.006110183137934655,
      "vertical_band_rms_p95": 0.006302989972755313,
      "vertical_band_rms_max": 0.006319484673440456,
      "band_anisotropy_mean": 1.0432460910577204,
      "band_anisotropy_p95": 1.1647796215363324,
      "band_anisotropy_max": 1.1986886942316812,
      "low_frequency_energy_ratio_mean": 1.0335393413417757,
      "low_frequency_energy_ratio_p95": 1.1140556008949016,
      "low_frequency_energy_ratio_max": 1.128991379116017,
      "positive_outlier_p999_mean": 2.211737774401798,
      "positive_outlier_p999_p95": 2.2233655870481517,
      "positive_outlier_p999_max": 2.226468468098756,
      "edge_gradient_gain_mean": 1.0155997535215973,
      "edge_gradient_gain_p95": 1.0410960511106866,
      "edge_gradient_gain_max": 1.0497207839802098,
      "edge_gradient_error_mean": 1.3265257087093278,
      "edge_gradient_error_p95": 1.3358511789875955,
      "edge_gradient_error_max": 1.3370887671663918
    },
    "roulette": {
      "mae_mean": 0.08108709659427404,
      "mae_p95": 0.08172268979251385,
      "mae_max": 0.08197395503520966,
      "rmse_mean": 0.10663413070142269,
      "rmse_p95": 0.1073187131434679,
      "rmse_max": 0.10755358636379242,
      "relative_rmse_mean": 0.8192983880558881,
      "relative_rmse_p95": 0.8240975450195622,
      "relative_rmse_max": 0.8253787122063966,
      "bias_mean": 7.326934246520977e-05,
      "bias_p95": 0.0007592411333462223,
      "bias_max": 0.0007909740088507533,
      "temporal_residual_rmse_mean": 0.13251061365008354,
      "temporal_residual_rmse_p95": 0.15563202872872353,
      "temporal_residual_rmse_max": 0.15811049938201904,
      "history_lag_ratio_mean": 0.8305886156674046,
      "history_lag_ratio_p95": 0.9780829897428712,
      "history_lag_ratio_max": 0.9972386041891584,
      "horizontal_band_rms_mean": 0.004845245159231126,
      "horizontal_band_rms_p95": 0.005263079237192869,
      "horizontal_band_rms_max": 0.005302006378769875,
      "vertical_band_rms_mean": 0.006290856341365725,
      "vertical_band_rms_p95": 0.006498763617128134,
      "vertical_band_rms_max": 0.0065065775997936726,
      "band_anisotropy_mean": 1.027937113770319,
      "band_anisotropy_p95": 1.1292201178701018,
      "band_anisotropy_max": 1.158844738061235,
      "low_frequency_energy_ratio_mean": 1.025561772716733,
      "low_frequency_energy_ratio_p95": 1.1035350567410485,
      "low_frequency_energy_ratio_max": 1.1133056757255242,
      "positive_outlier_p999_mean": 2.3107566265755697,
      "positive_outlier_p999_p95": 2.3309833483330284,
      "positive_outlier_p999_max": 2.3388092418110107,
      "edge_gradient_gain_mean": 1.0142911835124044,
      "edge_gradient_gain_p95": 1.0410148110307047,
      "edge_gradient_gain_max": 1.0488822067493921,
      "edge_gradient_error_mean": 1.348697658086495,
      "edge_gradient_error_p95": 1.3583724539849342,
      "edge_gradient_error_max": 1.3598794986752412
    }
  }
}
PASS: path termination preserves configured HDR quality
PASS in 6.7s

=== diffuse / performance ===
FAIL in 0.0s

=== glossy_glass / indirect ===
reference: 1/8
reference: 2/8
reference: 3/8
reference: 4/8
reference: 5/8
reference: 6/8
reference: 7/8
reference: 8/8
conventional: 1/8
conventional: 2/8
conventional: 3/8
conventional: 4/8
conventional: 5/8
conventional: 6/8
conventional: 7/8
conventional: 8/8
reuse: 1/8
reuse: 2/8
reuse: 3/8
reuse: 4/8
reuse: 5/8
reuse: 6/8
reuse: 7/8
reuse: 8/8
{
  "scene": "glossy_glass",
  "extent": [
    320,
    180
  ],
  "frames": 8,
  "quality": {
    "conventional": {
      "mae_mean": 0.05904172593727708,
      "mae_p95": 0.059969918057322505,
      "mae_max": 0.05998833104968071,
      "rmse_mean": 0.18917755037546158,
      "rmse_p95": 0.20050535947084427,
      "rmse_max": 0.20134809613227844,
      "relative_rmse_mean": 1.3331403089308551,
      "relative_rmse_p95": 1.4156219290078302,
      "relative_rmse_max": 1.4327002894931575,
      "bias_mean": 0.0002468988677719608,
      "bias_p95": 0.0010294661537045612,
      "bias_max": 0.0011323553044348955,
      "temporal_residual_rmse_mean": 0.23325664922595024,
      "temporal_residual_rmse_p95": 0.27753378450870514,
      "temporal_residual_rmse_max": 0.2782646715641022,
      "history_lag_ratio_mean": 0.829487238356228,
      "history_lag_ratio_p95": 0.9759681103425414,
      "history_lag_ratio_max": 0.982952778522591,
      "horizontal_band_rms_mean": 0.009911133325658739,
      "horizontal_band_rms_p95": 0.011883799498900772,
      "horizontal_band_rms_max": 0.011917904019355774,
      "vertical_band_rms_mean": 0.013656542403623462,
      "vertical_band_rms_p95": 0.015359698934480548,
      "vertical_band_rms_max": 0.015511340461671352,
      "band_anisotropy_mean": 0.9776940582216893,
      "band_anisotropy_p95": 1.21676913688115,
      "band_anisotropy_max": 1.2577580737971443,
      "low_frequency_energy_ratio_mean": 0.7334507579127184,
      "low_frequency_energy_ratio_p95": 1.149787220512875,
      "low_frequency_energy_ratio_max": 1.2124260457662437,
      "positive_outlier_p999_mean": 21.115123777888797,
      "positive_outlier_p999_p95": 28.373559177966456,
      "positive_outlier_p999_max": 28.546620873136163,
      "edge_gradient_gain_mean": 0.8939711669029068,
      "edge_gradient_gain_p95": 1.0813190354350883,
      "edge_gradient_gain_max": 1.0823120259563406,
      "edge_gradient_error_mean": 5.866863047707631,
      "edge_gradient_error_p95": 6.374866798484334,
      "edge_gradient_error_max": 6.435819261717789
    },
    "reuse": {
      "mae_mean": 0.05877482704818249,
      "mae_p95": 0.05984228979796171,
      "mae_max": 0.05993572250008583,
      "rmse_mean": 0.1874984186142683,
      "rmse_p95": 0.19913868010044097,
      "rmse_max": 0.19924551248550415,
      "relative_rmse_mean": 1.3212160795322498,
      "relative_rmse_p95": 1.4029184124475276,
      "relative_rmse_max": 1.4177392729388312,
      "bias_mean": 0.0007172261612140574,
      "bias_p95": 0.001467695226892829,
      "bias_max": 0.0015118664596229792,
      "temporal_residual_rmse_mean": 0.2308196797966957,
      "temporal_residual_rmse_p95": 0.2753134578466415,
      "temporal_residual_rmse_max": 0.275755912065506,
      "history_lag_ratio_mean": 0.8298514438295346,
      "history_lag_ratio_p95": 0.9755986899751126,
      "history_lag_ratio_max": 0.9824490287870438,
      "horizontal_band_rms_mean": 0.009901277138851583,
      "horizontal_band_rms_p95": 0.01228975378908217,
      "horizontal_band_rms_max": 0.012342090718448162,
      "vertical_band_rms_mean": 0.013414565590210259,
      "vertical_band_rms_p95": 0.01499760067090392,
      "vertical_band_rms_max": 0.015051010996103287,
      "band_anisotropy_mean": 0.9929141646122848,
      "band_anisotropy_p95": 1.2474418858086234,
      "band_anisotropy_max": 1.3150063063840134,
      "low_frequency_energy_ratio_mean": 0.8060300020196547,
      "low_frequency_energy_ratio_p95": 1.2366725980626563,
      "low_frequency_energy_ratio_max": 1.347602171680102,
      "positive_outlier_p999_mean": 20.946801186034058,
      "positive_outlier_p999_p95": 28.252100704666884,
      "positive_outlier_p999_max": 28.459446306158487,
      "edge_gradient_gain_mean": 0.8842277129171237,
      "edge_gradient_gain_p95": 1.0744067706816713,
      "edge_gradient_gain_max": 1.0823120259563406,
      "edge_gradient_error_mean": 5.812999006122337,
      "edge_gradient_error_p95": 6.292743361161652,
      "edge_gradient_error_max": 6.337055369556704
    }
  },
  "gpu_median_ms": {
    "reference": 140.115456,
    "conventional": 8.213552,
    "reuse": 8.426688
  }
}
PASS: indirect reuse improves HDR error within stability limits
PASS in 6.9s

=== glossy_glass / restir ===
reference: frame 1/8
reference: frame 2/8
reference: frame 3/8
reference: frame 4/8
reference: frame 5/8
reference: frame 6/8
reference: frame 7/8
reference: frame 8/8
reference: capture complete -> /tmp/ordinarylight_validation_matrix/restir/glossy_glass_reference.npy
conventional: frame 1/8
conventional: frame 2/8
conventional: frame 3/8
conventional: frame 4/8
conventional: frame 5/8
conventional: frame 6/8
conventional: frame 7/8
conventional: frame 8/8
conventional: capture complete -> /tmp/ordinarylight_validation_matrix/restir/glossy_glass_conventional.npy
canonical: frame 1/8
canonical: frame 2/8
canonical: frame 3/8
canonical: frame 4/8
canonical: frame 5/8
canonical: frame 6/8
canonical: frame 7/8
canonical: frame 8/8
canonical: capture complete -> /tmp/ordinarylight_validation_matrix/restir/glossy_glass_canonical.npy
pairwise: frame 1/8
pairwise: frame 2/8
pairwise: frame 3/8
pairwise: frame 4/8
pairwise: frame 5/8
pairwise: frame 6/8
pairwise: frame 7/8
pairwise: frame 8/8
pairwise: capture complete -> /tmp/ordinarylight_validation_matrix/restir/glossy_glass_pairwise.npy
Captures saved incrementally; metadata -> /tmp/ordinarylight_validation_matrix/restir/glossy_glass_metadata.json
Computing per-frame HDR and temporal metrics...
Quality metrics -> /tmp/ordinarylight_validation_matrix/restir/glossy_glass_metrics.csv
Performance and reuse metrics -> /tmp/ordinarylight_validation_matrix/restir/glossy_glass_performance.csv
Computing aggregate summaries...
conventional
  mae_mean=0.049727446
  mae_p95=0.051551621
  mae_max=0.05181193
  rmse_mean=0.16762301
  rmse_p95=0.19164818
  rmse_max=0.19508934
  relative_rmse_mean=1.3403797
  relative_rmse_p95=1.4320096
  relative_rmse_max=1.4370065
  bias_mean=2.408659e-05
  bias_p95=0.0005078082
  bias_max=0.00053038233
  temporal_residual_rmse_mean=0.21006163
  temporal_residual_rmse_p95=0.26596595
  temporal_residual_rmse_max=0.27212688
  history_lag_ratio_mean=0.80799504
  history_lag_ratio_p95=0.95559995
  history_lag_ratio_max=0.96777862
  horizontal_band_rms_mean=0.008960964
  horizontal_band_rms_p95=0.010239771
  horizontal_band_rms_max=0.0105319
  vertical_band_rms_mean=0.012908162
  vertical_band_rms_p95=0.014572496
  vertical_band_rms_max=0.014590901
  band_anisotropy_mean=0.93721014
  band_anisotropy_p95=1.146127
  band_anisotropy_max=1.2042277
  low_frequency_energy_ratio_mean=1.073945
  low_frequency_energy_ratio_p95=1.8293135
  low_frequency_energy_ratio_max=1.907377
  positive_outlier_p999_mean=15.284454
  positive_outlier_p999_p95=26.875465
  positive_outlier_p999_max=28.055343
  edge_gradient_gain_mean=0.93418358
  edge_gradient_gain_p95=1.1375996
  edge_gradient_gain_max=1.1615236
  edge_gradient_error_mean=5.8185749
  edge_gradient_error_p95=6.2982958
  edge_gradient_error_max=6.4168582
canonical
  mae_mean=0.049727446
  mae_p95=0.051551621
  mae_max=0.05181193
  rmse_mean=0.16762301
  rmse_p95=0.19164818
  rmse_max=0.19508934
  relative_rmse_mean=1.3403797
  relative_rmse_p95=1.4320096
  relative_rmse_max=1.4370065
  bias_mean=2.408659e-05
  bias_p95=0.0005078082
  bias_max=0.00053038233
  temporal_residual_rmse_mean=0.21006163
  temporal_residual_rmse_p95=0.26596595
  temporal_residual_rmse_max=0.27212688
  history_lag_ratio_mean=0.80799504
  history_lag_ratio_p95=0.95559995
  history_lag_ratio_max=0.96777862
  horizontal_band_rms_mean=0.008960964
  horizontal_band_rms_p95=0.010239771
  horizontal_band_rms_max=0.0105319
  vertical_band_rms_mean=0.012908162
  vertical_band_rms_p95=0.014572496
  vertical_band_rms_max=0.014590901
  band_anisotropy_mean=0.93721014
  band_anisotropy_p95=1.146127
  band_anisotropy_max=1.2042277
  low_frequency_energy_ratio_mean=1.073945
  low_frequency_energy_ratio_p95=1.8293135
  low_frequency_energy_ratio_max=1.907377
  positive_outlier_p999_mean=15.284454
  positive_outlier_p999_p95=26.875465
  positive_outlier_p999_max=28.055343
  edge_gradient_gain_mean=0.93418358
  edge_gradient_gain_p95=1.1375996
  edge_gradient_gain_max=1.1615236
  edge_gradient_error_mean=5.8185749
  edge_gradient_error_p95=6.2982958
  edge_gradient_error_max=6.4168582
pairwise
  mae_mean=0.049727446
  mae_p95=0.051551621
  mae_max=0.05181193
  rmse_mean=0.16762301
  rmse_p95=0.19164818
  rmse_max=0.19508934
  relative_rmse_mean=1.3403797
  relative_rmse_p95=1.4320096
  relative_rmse_max=1.4370065
  bias_mean=2.408659e-05
  bias_p95=0.0005078082
  bias_max=0.00053038233
  temporal_residual_rmse_mean=0.21006163
  temporal_residual_rmse_p95=0.26596595
  temporal_residual_rmse_max=0.27212688
  history_lag_ratio_mean=0.80799504
  history_lag_ratio_p95=0.95559995
  history_lag_ratio_max=0.96777862
  horizontal_band_rms_mean=0.008960964
  horizontal_band_rms_p95=0.010239771
  horizontal_band_rms_max=0.0105319
  vertical_band_rms_mean=0.012908162
  vertical_band_rms_p95=0.014572496
  vertical_band_rms_max=0.014590901
  band_anisotropy_mean=0.93721014
  band_anisotropy_p95=1.146127
  band_anisotropy_max=1.2042277
  low_frequency_energy_ratio_mean=1.073945
  low_frequency_energy_ratio_p95=1.8293135
  low_frequency_energy_ratio_max=1.907377
  positive_outlier_p999_mean=15.284454
  positive_outlier_p999_p95=26.875465
  positive_outlier_p999_max=28.055343
  edge_gradient_gain_mean=0.93418358
  edge_gradient_gain_p95=1.1375996
  edge_gradient_gain_max=1.1615236
  edge_gradient_error_mean=5.8185749
  edge_gradient_error_p95=6.2982958
  edge_gradient_error_max=6.4168582
Aggregate summary -> /tmp/ordinarylight_validation_matrix/restir/glossy_glass_summary.json
PASS: ReSTIR strategies are within configured tolerances
PASS in 14.0s

=== glossy_glass / parity ===
Rendering canonical wavefront implementation...
Rendering feature-equivalent megakernel implementation...
Rendering SER ray-generation megakernel implementation...
Rendering hybrid implementation...
Rendering persistent-continuation hybrid implementation...
Rendering persistent implementation...
Rendering coarse-tile persistent implementation...
megakernel
  mae=0
  rmse=0
  relative_rmse=0
  max_absolute=0
ser
  mae=0
  rmse=0
  relative_rmse=0
  max_absolute=0
hybrid
  mae=0
  rmse=0
  relative_rmse=0
  max_absolute=0
hybrid_persistent
  mae=0
  rmse=0
  relative_rmse=0
  max_absolute=0
persistent
  mae=0
  rmse=0
  relative_rmse=0
  max_absolute=0
persistent_coarse
  mae=0
  rmse=0
  relative_rmse=0
  max_absolute=0
PASS: execution strategies are within the configured HDR tolerance
PASS in 12.0s

=== glossy_glass / termination ===
reference: 1/8
reference: 2/8
reference: 3/8
reference: 4/8
reference: 5/8
reference: 6/8
reference: 7/8
reference: 8/8
baseline: 1/8
baseline: 2/8
baseline: 3/8
baseline: 4/8
baseline: 5/8
baseline: 6/8
baseline: 7/8
baseline: 8/8
roulette: 1/8
roulette: 2/8
roulette: 3/8
roulette: 4/8
roulette: 5/8
roulette: 6/8
roulette: 7/8
roulette: 8/8
{
  "scene": "glossy_glass",
  "extent": [
    320,
    180
  ],
  "frames": 8,
  "baseline_bounces": 8,
  "candidate_bounces": null,
  "roulette_start": 4,
  "limits": {
    "max_error_ratio": 1.25,
    "max_temporal_ratio": 1.25,
    "max_low_frequency_ratio": 1.15,
    "max_abs_bias": 0.01
  },
  "quality": {
    "baseline": {
      "mae_mean": 0.08614423871040344,
      "mae_p95": 0.08745097257196903,
      "mae_max": 0.0876099094748497,
      "rmse_mean": 0.19402043335139751,
      "rmse_p95": 0.21188737004995345,
      "rmse_max": 0.21310599148273468,
      "relative_rmse_mean": 1.10706465795508,
      "relative_rmse_p95": 1.174107027842259,
      "relative_rmse_max": 1.185892828074643,
      "bias_mean": -0.00011943260506086517,
      "bias_p95": 0.0005642468808218837,
      "bias_max": 0.0005716039449907839,
      "temporal_residual_rmse_mean": 0.23726114071905613,
      "temporal_residual_rmse_p95": 0.2948258131742477,
      "temporal_residual_rmse_max": 0.29664263129234314,
      "history_lag_ratio_mean": 0.8208013821612286,
      "history_lag_ratio_p95": 0.9631377304908788,
      "history_lag_ratio_max": 0.9737194735405701,
      "horizontal_band_rms_mean": 0.010637147701345384,
      "horizontal_band_rms_p95": 0.012382131023332476,
      "horizontal_band_rms_max": 0.01246171910315752,
      "vertical_band_rms_mean": 0.01462414558045566,
      "vertical_band_rms_p95": 0.016678213234990837,
      "vertical_band_rms_max": 0.01685269922018051,
      "band_anisotropy_mean": 0.9755361501603755,
      "band_anisotropy_p95": 1.1638269975117836,
      "band_anisotropy_max": 1.2121089335231574,
      "low_frequency_energy_ratio_mean": 0.9605220609899754,
      "low_frequency_energy_ratio_p95": 1.7241782972302573,
      "low_frequency_energy_ratio_max": 1.958316992251919,
      "positive_outlier_p999_mean": 13.404295723099228,
      "positive_outlier_p999_p95": 22.3110651472632,
      "positive_outlier_p999_max": 22.352183858737448,
      "edge_gradient_gain_mean": 0.8544680128325708,
      "edge_gradient_gain_p95": 1.1390620675719818,
      "edge_gradient_gain_max": 1.1726805195300167,
      "edge_gradient_error_mean": 4.543348099853187,
      "edge_gradient_error_p95": 4.900716343258088,
      "edge_gradient_error_max": 4.947512899291173
    },
    "roulette": {
      "mae_mean": 0.09286315087229013,
      "mae_p95": 0.09427684172987938,
      "mae_max": 0.09457722306251526,
      "rmse_mean": 0.21289373934268951,
      "rmse_p95": 0.23235702589154242,
      "rmse_max": 0.23596200346946716,
      "relative_rmse_mean": 1.2147621531056274,
      "relative_rmse_p95": 1.2885528773060662,
      "relative_rmse_max": 1.2954215636920896,
      "bias_mean": -6.268801553233061e-05,
      "bias_p95": 0.001041102103772573,
      "bias_max": 0.0012570953695103526,
      "temporal_residual_rmse_mean": 0.26083431020379066,
      "temporal_residual_rmse_p95": 0.31855274438858033,
      "temporal_residual_rmse_max": 0.32110095024108887,
      "history_lag_ratio_mean": 0.8295333408235035,
      "history_lag_ratio_p95": 0.9690586645945706,
      "history_lag_ratio_max": 0.9783241381983565,
      "horizontal_band_rms_mean": 0.011528668808750808,
      "horizontal_band_rms_p95": 0.012850534915924071,
      "horizontal_band_rms_max": 0.01311777625232935,
      "vertical_band_rms_mean": 0.015910886228084564,
      "vertical_band_rms_p95": 0.018102676887065173,
      "vertical_band_rms_max": 0.01838909462094307,
      "band_anisotropy_mean": 0.9745536210925152,
      "band_anisotropy_p95": 1.147104021475421,
      "band_anisotropy_max": 1.1908844121494668,
      "low_frequency_energy_ratio_mean": 0.9121570843853988,
      "low_frequency_energy_ratio_p95": 1.5094732890765252,
      "low_frequency_energy_ratio_max": 1.717082949785086,
      "positive_outlier_p999_mean": 12.720344384580669,
      "positive_outlier_p999_p95": 23.106926020823852,
      "positive_outlier_p999_max": 24.267370757994783,
      "edge_gradient_gain_mean": 0.8412486387696652,
      "edge_gradient_gain_p95": 1.1305712920768527,
      "edge_gradient_gain_max": 1.1598936608381447,
      "edge_gradient_error_mean": 4.847764999012323,
      "edge_gradient_error_p95": 5.149427784785076,
      "edge_gradient_error_max": 5.164040120187937
    }
  }
}
PASS: path termination preserves configured HDR quality
PASS in 6.8s

=== glossy_glass / performance ===
FAIL in 0.0s

=== textured / indirect ===
reference: 1/8
reference: 2/8
reference: 3/8
reference: 4/8
reference: 5/8
reference: 6/8
reference: 7/8
reference: 8/8
conventional: 1/8
conventional: 2/8
conventional: 3/8
conventional: 4/8
conventional: 5/8
conventional: 6/8
conventional: 7/8
conventional: 8/8
reuse: 1/8
reuse: 2/8
reuse: 3/8
reuse: 4/8
reuse: 5/8
reuse: 6/8
reuse: 7/8
reuse: 8/8
{
  "scene": "textured",
  "extent": [
    320,
    180
  ],
  "frames": 8,
  "quality": {
    "conventional": {
      "mae_mean": 0.03831693157553673,
      "mae_p95": 0.0385623600333929,
      "mae_max": 0.03865242749452591,
      "rmse_mean": 0.05698820436373353,
      "rmse_p95": 0.05736535619944334,
      "rmse_max": 0.057516586035490036,
      "relative_rmse_mean": 0.8791170320627139,
      "relative_rmse_p95": 0.88454404373126,
      "relative_rmse_max": 0.8861621222767265,
      "bias_mean": 9.981288985727588e-05,
      "bias_p95": 0.0003680819616420194,
      "bias_max": 0.0003934619016945362,
      "temporal_residual_rmse_mean": 0.07080199383199215,
      "temporal_residual_rmse_p95": 0.08320806957781314,
      "temporal_residual_rmse_max": 0.08458487689495087,
      "history_lag_ratio_mean": 0.8089844349858653,
      "history_lag_ratio_p95": 0.9508408703956673,
      "history_lag_ratio_max": 0.9678804963722004,
      "horizontal_band_rms_mean": 0.002614736557006836,
      "horizontal_band_rms_p95": 0.0026791949523612855,
      "horizontal_band_rms_max": 0.002683546394109726,
      "vertical_band_rms_mean": 0.003320725227240473,
      "vertical_band_rms_p95": 0.0034872798016294835,
      "vertical_band_rms_max": 0.0035230719950050116,
      "band_anisotropy_mean": 1.051183756870902,
      "band_anisotropy_p95": 1.110851905400265,
      "band_anisotropy_max": 1.11628240519007,
      "low_frequency_energy_ratio_mean": 0.9816820357138148,
      "low_frequency_energy_ratio_p95": 1.0743664195940186,
      "low_frequency_energy_ratio_max": 1.0794394244798102,
      "positive_outlier_p999_mean": 4.13049661948873,
      "positive_outlier_p999_p95": 4.172136004027475,
      "positive_outlier_p999_max": 4.178937060997122,
      "edge_gradient_gain_mean": 0.998162471172256,
      "edge_gradient_gain_p95": 1.0102897326893083,
      "edge_gradient_gain_max": 1.0116175562977834,
      "edge_gradient_error_mean": 1.6029016214157559,
      "edge_gradient_error_p95": 1.619723892535997,
      "edge_gradient_error_max": 1.6221606652977465
    },
    "reuse": {
      "mae_mean": 0.0380477923899889,
      "mae_p95": 0.03836936168372631,
      "mae_max": 0.03839509189128876,
      "rmse_mean": 0.056669036857783794,
      "rmse_p95": 0.057095949351787564,
      "rmse_max": 0.05710211396217346,
      "relative_rmse_mean": 0.8741942989981981,
      "relative_rmse_p95": 0.8809220890385089,
      "relative_rmse_max": 0.881539040718251,
      "bias_mean": 0.0002871531182790932,
      "bias_p95": 0.0006228166661458089,
      "bias_max": 0.0006799715920351446,
      "temporal_residual_rmse_mean": 0.07036245428025723,
      "temporal_residual_rmse_p95": 0.08277268856763839,
      "temporal_residual_rmse_max": 0.08404625952243805,
      "history_lag_ratio_mean": 0.8086744630217081,
      "history_lag_ratio_p95": 0.9505057019127915,
      "history_lag_ratio_max": 0.9675083187032055,
      "horizontal_band_rms_mean": 0.0025822410825639963,
      "horizontal_band_rms_p95": 0.0026271990034729244,
      "horizontal_band_rms_max": 0.0026274167466908693,
      "vertical_band_rms_mean": 0.0033007441088557243,
      "vertical_band_rms_p95": 0.003452884266152978,
      "vertical_band_rms_max": 0.003480662824586034,
      "band_anisotropy_mean": 1.0445762717041416,
      "band_anisotropy_p95": 1.1076040474666138,
      "band_anisotropy_max": 1.1119753085671684,
      "low_frequency_energy_ratio_mean": 0.970519187931831,
      "low_frequency_energy_ratio_p95": 1.0723760049933424,
      "low_frequency_energy_ratio_max": 1.0794394244798102,
      "positive_outlier_p999_mean": 4.11973664810586,
      "positive_outlier_p999_p95": 4.149584217888912,
      "positive_outlier_p999_max": 4.151815985588973,
      "edge_gradient_gain_mean": 0.9950654154147485,
      "edge_gradient_gain_p95": 1.0065028500638522,
      "edge_gradient_gain_max": 1.0077151645512752,
      "edge_gradient_error_mean": 1.5984813815356287,
      "edge_gradient_error_p95": 1.6161540181399603,
      "edge_gradient_error_max": 1.6166685508423055
    }
  },
  "gpu_median_ms": {
    "reference": 195.14728000000002,
    "conventional": 7.754064,
    "reuse": 4.857392
  }
}
PASS: indirect reuse improves HDR error within stability limits
PASS in 9.8s

=== textured / restir ===
reference: frame 1/8
reference: frame 2/8
reference: frame 3/8
reference: frame 4/8
reference: frame 5/8
reference: frame 6/8
reference: frame 7/8
reference: frame 8/8
reference: capture complete -> /tmp/ordinarylight_validation_matrix/restir/textured_reference.npy
conventional: frame 1/8
conventional: frame 2/8
conventional: frame 3/8
conventional: frame 4/8
conventional: frame 5/8
conventional: frame 6/8
conventional: frame 7/8
conventional: frame 8/8
conventional: capture complete -> /tmp/ordinarylight_validation_matrix/restir/textured_conventional.npy
canonical: frame 1/8
canonical: frame 2/8
canonical: frame 3/8
canonical: frame 4/8
canonical: frame 5/8
canonical: frame 6/8
canonical: frame 7/8
canonical: frame 8/8
canonical: capture complete -> /tmp/ordinarylight_validation_matrix/restir/textured_canonical.npy
pairwise: frame 1/8
pairwise: frame 2/8
pairwise: frame 3/8
pairwise: frame 4/8
pairwise: frame 5/8
pairwise: frame 6/8
pairwise: frame 7/8
pairwise: frame 8/8
pairwise: capture complete -> /tmp/ordinarylight_validation_matrix/restir/textured_pairwise.npy
Captures saved incrementally; metadata -> /tmp/ordinarylight_validation_matrix/restir/textured_metadata.json
Computing per-frame HDR and temporal metrics...
Quality metrics -> /tmp/ordinarylight_validation_matrix/restir/textured_metrics.csv
Performance and reuse metrics -> /tmp/ordinarylight_validation_matrix/restir/textured_performance.csv
Computing aggregate summaries...
conventional
  mae_mean=0.033620687
  mae_p95=0.034083003
  mae_max=0.034237429
  rmse_mean=0.049349564
  rmse_p95=0.049903775
  rmse_max=0.050046429
  relative_rmse_mean=0.88532165
  relative_rmse_p95=0.89001938
  relative_rmse_max=0.89118887
  bias_mean=7.8673564e-05
  bias_p95=0.00041332486
  bias_max=0.00052253006
  temporal_residual_rmse_mean=0.061282436
  temporal_residual_rmse_p95=0.071361814
  temporal_residual_rmse_max=0.072066121
  history_lag_ratio_mean=0.711562
  history_lag_ratio_p95=0.8287093
  history_lag_ratio_max=0.83753972
  horizontal_band_rms_mean=0.0023488514
  horizontal_band_rms_p95=0.0025024062
  horizontal_band_rms_max=0.0025244781
  vertical_band_rms_mean=0.0030067989
  vertical_band_rms_p95=0.0031397129
  vertical_band_rms_max=0.0031561155
  band_anisotropy_mean=1.0437147
  band_anisotropy_p95=1.1579188
  band_anisotropy_max=1.1731267
  low_frequency_energy_ratio_mean=1.0411114
  low_frequency_energy_ratio_p95=1.1117235
  low_frequency_energy_ratio_max=1.1302789
  positive_outlier_p999_mean=3.2311543
  positive_outlier_p999_p95=3.2754866
  positive_outlier_p999_max=3.2839374
  edge_gradient_gain_mean=1.0046738
  edge_gradient_gain_p95=1.0285333
  edge_gradient_gain_max=1.0296874
  edge_gradient_error_mean=1.7533681
  edge_gradient_error_p95=1.7659497
  edge_gradient_error_max=1.767576
canonical
  mae_mean=0.033620687
  mae_p95=0.034083003
  mae_max=0.034237429
  rmse_mean=0.049349564
  rmse_p95=0.049903775
  rmse_max=0.050046429
  relative_rmse_mean=0.88532165
  relative_rmse_p95=0.89001938
  relative_rmse_max=0.89118887
  bias_mean=7.8673564e-05
  bias_p95=0.00041332486
  bias_max=0.00052253006
  temporal_residual_rmse_mean=0.061282436
  temporal_residual_rmse_p95=0.071361814
  temporal_residual_rmse_max=0.072066121
  history_lag_ratio_mean=0.711562
  history_lag_ratio_p95=0.8287093
  history_lag_ratio_max=0.83753972
  horizontal_band_rms_mean=0.0023488514
  horizontal_band_rms_p95=0.0025024062
  horizontal_band_rms_max=0.0025244781
  vertical_band_rms_mean=0.0030067989
  vertical_band_rms_p95=0.0031397129
  vertical_band_rms_max=0.0031561155
  band_anisotropy_mean=1.0437147
  band_anisotropy_p95=1.1579188
  band_anisotropy_max=1.1731267
  low_frequency_energy_ratio_mean=1.0411114
  low_frequency_energy_ratio_p95=1.1117235
  low_frequency_energy_ratio_max=1.1302789
  positive_outlier_p999_mean=3.2311543
  positive_outlier_p999_p95=3.2754866
  positive_outlier_p999_max=3.2839374
  edge_gradient_gain_mean=1.0046738
  edge_gradient_gain_p95=1.0285333
  edge_gradient_gain_max=1.0296874
  edge_gradient_error_mean=1.7533681
  edge_gradient_error_p95=1.7659497
  edge_gradient_error_max=1.767576
pairwise
  mae_mean=0.033620687
  mae_p95=0.034083003
  mae_max=0.034237429
  rmse_mean=0.049349564
  rmse_p95=0.049903775
  rmse_max=0.050046429
  relative_rmse_mean=0.88532165
  relative_rmse_p95=0.89001938
  relative_rmse_max=0.89118887
  bias_mean=7.8673564e-05
  bias_p95=0.00041332486
  bias_max=0.00052253006
  temporal_residual_rmse_mean=0.061282436
  temporal_residual_rmse_p95=0.071361814
  temporal_residual_rmse_max=0.072066121
  history_lag_ratio_mean=0.711562
  history_lag_ratio_p95=0.8287093
  history_lag_ratio_max=0.83753972
  horizontal_band_rms_mean=0.0023488514
  horizontal_band_rms_p95=0.0025024062
  horizontal_band_rms_max=0.0025244781
  vertical_band_rms_mean=0.0030067989
  vertical_band_rms_p95=0.0031397129
  vertical_band_rms_max=0.0031561155
  band_anisotropy_mean=1.0437147
  band_anisotropy_p95=1.1579188
  band_anisotropy_max=1.1731267
  low_frequency_energy_ratio_mean=1.0411114
  low_frequency_energy_ratio_p95=1.1117235
  low_frequency_energy_ratio_max=1.1302789
  positive_outlier_p999_mean=3.2311543
  positive_outlier_p999_p95=3.2754866
  positive_outlier_p999_max=3.2839374
  edge_gradient_gain_mean=1.0046738
  edge_gradient_gain_p95=1.0285333
  edge_gradient_gain_max=1.0296874
  edge_gradient_error_mean=1.7533681
  edge_gradient_error_p95=1.7659497
  edge_gradient_error_max=1.767576
Aggregate summary -> /tmp/ordinarylight_validation_matrix/restir/textured_summary.json
PASS: ReSTIR strategies are within configured tolerances
PASS in 13.6s

=== textured / parity ===
Rendering canonical wavefront implementation...
Rendering feature-equivalent megakernel implementation...
Rendering SER ray-generation megakernel implementation...
Rendering hybrid implementation...
Rendering persistent-continuation hybrid implementation...
Rendering persistent implementation...
Rendering coarse-tile persistent implementation...
megakernel
  mae=0
  rmse=0
  relative_rmse=0
  max_absolute=0
ser
  mae=0
  rmse=0
  relative_rmse=0
  max_absolute=0
hybrid
  mae=0
  rmse=0
  relative_rmse=0
  max_absolute=0
hybrid_persistent
  mae=0
  rmse=0
  relative_rmse=0
  max_absolute=0
persistent
  mae=0
  rmse=0
  relative_rmse=0
  max_absolute=0
persistent_coarse
  mae=0
  rmse=0
  relative_rmse=0
  max_absolute=0
PASS: execution strategies are within the configured HDR tolerance
PASS in 11.8s

=== textured / termination ===
reference: 1/8
reference: 2/8
reference: 3/8
reference: 4/8
reference: 5/8
reference: 6/8
reference: 7/8
reference: 8/8
baseline: 1/8
baseline: 2/8
baseline: 3/8
baseline: 4/8
baseline: 5/8
baseline: 6/8
baseline: 7/8
baseline: 8/8
roulette: 1/8
roulette: 2/8
roulette: 3/8
roulette: 4/8
roulette: 5/8
roulette: 6/8
roulette: 7/8
roulette: 8/8
{
  "scene": "textured",
  "extent": [
    320,
    180
  ],
  "frames": 8,
  "baseline_bounces": 8,
  "candidate_bounces": null,
  "roulette_start": 4,
  "limits": {
    "max_error_ratio": 1.25,
    "max_temporal_ratio": 1.25,
    "max_low_frequency_ratio": 1.15,
    "max_abs_bias": 0.01
  },
  "quality": {
    "baseline": {
      "mae_mean": 0.06615677010267973,
      "mae_p95": 0.0665735974907875,
      "mae_max": 0.06657969951629639,
      "rmse_mean": 0.09721129667013884,
      "rmse_p95": 0.09777831546962261,
      "rmse_max": 0.09778441488742828,
      "relative_rmse_mean": 0.8842610508158131,
      "relative_rmse_p95": 0.8896453211358222,
      "relative_rmse_max": 0.8898090500103241,
      "bias_mean": -1.3090408174321055e-05,
      "bias_p95": 0.0004171178210526704,
      "bias_max": 0.0004674975061789155,
      "temporal_residual_rmse_mean": 0.12077582441270351,
      "temporal_residual_rmse_p95": 0.1410446748137474,
      "temporal_residual_rmse_max": 0.14280834794044495,
      "history_lag_ratio_mean": 0.7439188728100101,
      "history_lag_ratio_p95": 0.8717230088171177,
      "history_lag_ratio_max": 0.8842754120727454,
      "horizontal_band_rms_mean": 0.004589398275129497,
      "horizontal_band_rms_p95": 0.004803413734771311,
      "horizontal_band_rms_max": 0.004813409876078367,
      "vertical_band_rms_mean": 0.0058495248085819185,
      "vertical_band_rms_p95": 0.006088363355956972,
      "vertical_band_rms_max": 0.0060944221913814545,
      "band_anisotropy_mean": 1.0475785949566163,
      "band_anisotropy_p95": 1.1237079142964577,
      "band_anisotropy_max": 1.145417654308437,
      "low_frequency_energy_ratio_mean": 1.0384416287818639,
      "low_frequency_energy_ratio_p95": 1.076470509887888,
      "low_frequency_energy_ratio_max": 1.0778458441536014,
      "positive_outlier_p999_mean": 3.2229171959229825,
      "positive_outlier_p999_p95": 3.2641813785012204,
      "positive_outlier_p999_max": 3.2706414214644375,
      "edge_gradient_gain_mean": 0.997967906020534,
      "edge_gradient_gain_p95": 1.02117380216062,
      "edge_gradient_gain_max": 1.025646963702523,
      "edge_gradient_error_mean": 1.7606321652689063,
      "edge_gradient_error_p95": 1.7735933982055805,
      "edge_gradient_error_max": 1.777865013528946
    },
    "roulette": {
      "mae_mean": 0.0676128501072526,
      "mae_p95": 0.06800764538347721,
      "mae_max": 0.0680081695318222,
      "rmse_mean": 0.0991135984659195,
      "rmse_p95": 0.09970437958836556,
      "rmse_max": 0.09974981099367142,
      "relative_rmse_mean": 0.901564851861187,
      "relative_rmse_p95": 0.9069467555174598,
      "relative_rmse_max": 0.9073925331780098,
      "bias_mean": -7.121490853023715e-06,
      "bias_p95": 0.00045789050345774725,
      "bias_max": 0.0005434089689515531,
      "temporal_residual_rmse_mean": 0.12310974672436714,
      "temporal_residual_rmse_p95": 0.14363479018211364,
      "temporal_residual_rmse_max": 0.1454133689403534,
      "history_lag_ratio_mean": 0.747837140085805,
      "history_lag_ratio_p95": 0.8758507502413548,
      "history_lag_ratio_max": 0.887933492572989,
      "horizontal_band_rms_mean": 0.0046453108079731464,
      "horizontal_band_rms_p95": 0.004881706391461194,
      "horizontal_band_rms_max": 0.004895801190286875,
      "vertical_band_rms_mean": 0.005910781095735729,
      "vertical_band_rms_p95": 0.006141659407876432,
      "vertical_band_rms_max": 0.00614180788397789,
      "band_anisotropy_mean": 1.0493444415503712,
      "band_anisotropy_p95": 1.1317912862819985,
      "band_anisotropy_max": 1.1548961300098968,
      "low_frequency_energy_ratio_mean": 1.036038755152661,
      "low_frequency_energy_ratio_p95": 1.0697729940024707,
      "low_frequency_energy_ratio_max": 1.0735770923873553,
      "positive_outlier_p999_mean": 3.2510938576850523,
      "positive_outlier_p999_p95": 3.2816954154381373,
      "positive_outlier_p999_max": 3.2905655004219905,
      "edge_gradient_gain_mean": 0.9981028975484783,
      "edge_gradient_gain_p95": 1.021481814081969,
      "edge_gradient_gain_max": 1.0253914333364749,
      "edge_gradient_error_mean": 1.7682995098488867,
      "edge_gradient_error_p95": 1.7807121435221231,
      "edge_gradient_error_max": 1.7840858865588463
    }
  }
}
PASS: path termination preserves configured HDR quality
PASS in 6.3s

=== textured / performance ===
FAIL in 0.0s

=== small_emitter / indirect ===
reference: 1/8
reference: 2/8
reference: 3/8
reference: 4/8
reference: 5/8
reference: 6/8
reference: 7/8
reference: 8/8
conventional: 1/8
conventional: 2/8
conventional: 3/8
conventional: 4/8
conventional: 5/8
conventional: 6/8
conventional: 7/8
conventional: 8/8
reuse: 1/8
reuse: 2/8
reuse: 3/8
reuse: 4/8
reuse: 5/8
reuse: 6/8
reuse: 7/8
reuse: 8/8
{
  "scene": "small_emitter",
  "extent": [
    320,
    180
  ],
  "frames": 8,
  "quality": {
    "conventional": {
      "mae_mean": 0.08119109272956848,
      "mae_p95": 0.08505284003913402,
      "mae_max": 0.08549203723669052,
      "rmse_mean": 1.023248314857483,
      "rmse_p95": 1.189421546459198,
      "rmse_max": 1.1963582038879395,
      "relative_rmse_mean": 0.41370298839921266,
      "relative_rmse_p95": 0.4795449646796533,
      "relative_rmse_max": 0.4804779759502958,
      "bias_mean": 4.051571886520833e-05,
      "bias_p95": 0.006039827596396208,
      "bias_max": 0.006212969310581684,
      "temporal_residual_rmse_mean": 1.259751871228218,
      "temporal_residual_rmse_p95": 1.5549854397773744,
      "temporal_residual_rmse_max": 1.5663601160049438,
      "history_lag_ratio_mean": 0.7300108888998276,
      "history_lag_ratio_p95": 0.909733720658256,
      "history_lag_ratio_max": 0.9386400644230221,
      "horizontal_band_rms_mean": 0.05052555538713932,
      "horizontal_band_rms_p95": 0.061998944543302056,
      "horizontal_band_rms_max": 0.06310967355966568,
      "vertical_band_rms_mean": 0.07001253589987755,
      "vertical_band_rms_p95": 0.0805576603859663,
      "vertical_band_rms_max": 0.0809563547372818,
      "band_anisotropy_mean": 0.9665781981658494,
      "band_anisotropy_p95": 1.097739376079037,
      "band_anisotropy_max": 1.0985737998746787,
      "low_frequency_energy_ratio_mean": 0.8706771531545271,
      "low_frequency_energy_ratio_p95": 1.5300556039079451,
      "low_frequency_energy_ratio_max": 1.577304185439761,
      "positive_outlier_p999_mean": 0.695552263446787,
      "positive_outlier_p999_p95": 1.5243598747696383,
      "positive_outlier_p999_max": 1.6408944552537266,
      "edge_gradient_gain_mean": 0.982388641504419,
      "edge_gradient_gain_p95": 1.1338659066314323,
      "edge_gradient_gain_max": 1.1608497163922273,
      "edge_gradient_error_mean": 1.7810082268568532,
      "edge_gradient_error_p95": 2.0920015162334646,
      "edge_gradient_error_max": 2.1057210776560833
    },
    "reuse": {
      "mae_mean": 0.08165488392114639,
      "mae_p95": 0.08504739254713059,
      "mae_max": 0.08549203723669052,
      "rmse_mean": 1.0198486670851707,
      "rmse_p95": 1.1839489400386811,
      "rmse_max": 1.1879388093948364,
      "relative_rmse_mean": 0.41233128736988844,
      "relative_rmse_p95": 0.47756176009684537,
      "relative_rmse_max": 0.47781222946274576,
      "bias_mean": 0.0012421147985151038,
      "bias_p95": 0.006483611022122204,
      "bias_max": 0.0068957130424678326,
      "temporal_residual_rmse_mean": 1.2547802925109863,
      "temporal_residual_rmse_p95": 1.5455249428749085,
      "temporal_residual_rmse_max": 1.554569959640503,
      "history_lag_ratio_mean": 0.7295844785617075,
      "history_lag_ratio_p95": 0.9094737887363066,
      "history_lag_ratio_max": 0.9376160417290598,
      "horizontal_band_rms_mean": 0.05011858278885484,
      "horizontal_band_rms_p95": 0.061946993879973884,
      "horizontal_band_rms_max": 0.06310967355966568,
      "vertical_band_rms_mean": 0.06986532639712095,
      "vertical_band_rms_p95": 0.07997900433838367,
      "vertical_band_rms_max": 0.08006611466407776,
      "band_anisotropy_mean": 0.9621406364423472,
      "band_anisotropy_p95": 1.102815070501206,
      "band_anisotropy_max": 1.1057513778900039,
      "low_frequency_energy_ratio_mean": 0.8785703835131314,
      "low_frequency_energy_ratio_p95": 1.4974118390550406,
      "low_frequency_energy_ratio_max": 1.577304185439761,
      "positive_outlier_p999_mean": 0.9966248732519072,
      "positive_outlier_p999_p95": 1.5539596095355865,
      "positive_outlier_p999_max": 1.6408944552537266,
      "edge_gradient_gain_mean": 0.9803854379138234,
      "edge_gradient_gain_p95": 1.1313214321260654,
      "edge_gradient_gain_max": 1.1590240301158667,
      "edge_gradient_error_mean": 1.7749430343126473,
      "edge_gradient_error_p95": 2.088434925619002,
      "edge_gradient_error_max": 2.1057210776560833
    }
  },
  "gpu_median_ms": {
    "reference": 125.698816,
    "conventional": 7.311168,
    "reuse": 4.533264
  }
}
PASS: indirect reuse improves HDR error within stability limits
PASS in 9.5s

=== small_emitter / restir ===
reference: frame 1/8
reference: frame 2/8
reference: frame 3/8
reference: frame 4/8
reference: frame 5/8
reference: frame 6/8
reference: frame 7/8
reference: frame 8/8
reference: capture complete -> /tmp/ordinarylight_validation_matrix/restir/small_emitter_reference.npy
conventional: frame 1/8
conventional: frame 2/8
conventional: frame 3/8
conventional: frame 4/8
conventional: frame 5/8
conventional: frame 6/8
conventional: frame 7/8
conventional: frame 8/8
conventional: capture complete -> /tmp/ordinarylight_validation_matrix/restir/small_emitter_conventional.npy
canonical: frame 1/8
canonical: frame 2/8
canonical: frame 3/8
canonical: frame 4/8
canonical: frame 5/8
canonical: frame 6/8
canonical: frame 7/8
canonical: frame 8/8
canonical: capture complete -> /tmp/ordinarylight_validation_matrix/restir/small_emitter_canonical.npy
pairwise: frame 1/8
pairwise: frame 2/8
pairwise: frame 3/8
pairwise: frame 4/8
pairwise: frame 5/8
pairwise: frame 6/8
pairwise: frame 7/8
pairwise: frame 8/8
pairwise: capture complete -> /tmp/ordinarylight_validation_matrix/restir/small_emitter_pairwise.npy
Captures saved incrementally; metadata -> /tmp/ordinarylight_validation_matrix/restir/small_emitter_metadata.json
Computing per-frame HDR and temporal metrics...
Quality metrics -> /tmp/ordinarylight_validation_matrix/restir/small_emitter_metrics.csv
Performance and reuse metrics -> /tmp/ordinarylight_validation_matrix/restir/small_emitter_performance.csv
Computing aggregate summaries...
conventional
  mae_mean=0.074864014
  mae_p95=0.0788552
  mae_max=0.079451822
  rmse_mean=1.0133809
  rmse_p95=1.1476955
  rmse_max=1.1569257
  relative_rmse_mean=0.4156427
  relative_rmse_p95=0.46877169
  relative_rmse_max=0.47030734
  bias_mean=-0.0001193228
  bias_p95=0.0060217179
  bias_max=0.0062304828
  temporal_residual_rmse_mean=1.2410614
  temporal_residual_rmse_p95=1.490827
  temporal_residual_rmse_max=1.5072856
  history_lag_ratio_mean=0.43283518
  history_lag_ratio_p95=0.54425282
  history_lag_ratio_max=0.55540016
  horizontal_band_rms_mean=0.05484014
  horizontal_band_rms_p95=0.067535785
  horizontal_band_rms_max=0.070336744
  vertical_band_rms_mean=0.076613297
  vertical_band_rms_p95=0.085274573
  vertical_band_rms_max=0.087622583
  band_anisotropy_mean=0.95536305
  band_anisotropy_p95=1.1843777
  band_anisotropy_max=1.2507314
  low_frequency_energy_ratio_mean=1.0128932
  low_frequency_energy_ratio_p95=1.6395826
  low_frequency_energy_ratio_max=1.6826896
  positive_outlier_p999_mean=0.40775708
  positive_outlier_p999_p95=0.99601078
  positive_outlier_p999_max=1.0345645
  edge_gradient_gain_mean=0.93963174
  edge_gradient_gain_p95=1.0364624
  edge_gradient_gain_max=1.0473134
  edge_gradient_error_mean=1.7876232
  edge_gradient_error_p95=2.0514834
  edge_gradient_error_max=2.0756719
canonical
  mae_mean=0.074864014
  mae_p95=0.0788552
  mae_max=0.079451822
  rmse_mean=1.0133809
  rmse_p95=1.1476955
  rmse_max=1.1569257
  relative_rmse_mean=0.4156427
  relative_rmse_p95=0.46877169
  relative_rmse_max=0.47030734
  bias_mean=-0.0001193228
  bias_p95=0.0060217179
  bias_max=0.0062304828
  temporal_residual_rmse_mean=1.2410614
  temporal_residual_rmse_p95=1.490827
  temporal_residual_rmse_max=1.5072856
  history_lag_ratio_mean=0.43283518
  history_lag_ratio_p95=0.54425282
  history_lag_ratio_max=0.55540016
  horizontal_band_rms_mean=0.05484014
  horizontal_band_rms_p95=0.067535785
  horizontal_band_rms_max=0.070336744
  vertical_band_rms_mean=0.076613297
  vertical_band_rms_p95=0.085274573
  vertical_band_rms_max=0.087622583
  band_anisotropy_mean=0.95536305
  band_anisotropy_p95=1.1843777
  band_anisotropy_max=1.2507314
  low_frequency_energy_ratio_mean=1.0128932
  low_frequency_energy_ratio_p95=1.6395826
  low_frequency_energy_ratio_max=1.6826896
  positive_outlier_p999_mean=0.40775708
  positive_outlier_p999_p95=0.99601078
  positive_outlier_p999_max=1.0345645
  edge_gradient_gain_mean=0.93963174
  edge_gradient_gain_p95=1.0364624
  edge_gradient_gain_max=1.0473134
  edge_gradient_error_mean=1.7876232
  edge_gradient_error_p95=2.0514834
  edge_gradient_error_max=2.0756719
pairwise
  mae_mean=0.074864014
  mae_p95=0.0788552
  mae_max=0.079451822
  rmse_mean=1.0133809
  rmse_p95=1.1476955
  rmse_max=1.1569257
  relative_rmse_mean=0.4156427
  relative_rmse_p95=0.46877169
  relative_rmse_max=0.47030734
  bias_mean=-0.0001193228
  bias_p95=0.0060217179
  bias_max=0.0062304828
  temporal_residual_rmse_mean=1.2410614
  temporal_residual_rmse_p95=1.490827
  temporal_residual_rmse_max=1.5072856
  history_lag_ratio_mean=0.43283518
  history_lag_ratio_p95=0.54425282
  history_lag_ratio_max=0.55540016
  horizontal_band_rms_mean=0.05484014
  horizontal_band_rms_p95=0.067535785
  horizontal_band_rms_max=0.070336744
  vertical_band_rms_mean=0.076613297
  vertical_band_rms_p95=0.085274573
  vertical_band_rms_max=0.087622583
  band_anisotropy_mean=0.95536305
  band_anisotropy_p95=1.1843777
  band_anisotropy_max=1.2507314
  low_frequency_energy_ratio_mean=1.0128932
  low_frequency_energy_ratio_p95=1.6395826
  low_frequency_energy_ratio_max=1.6826896
  positive_outlier_p999_mean=0.40775708
  positive_outlier_p999_p95=0.99601078
  positive_outlier_p999_max=1.0345645
  edge_gradient_gain_mean=0.93963174
  edge_gradient_gain_p95=1.0364624
  edge_gradient_gain_max=1.0473134
  edge_gradient_error_mean=1.7876232
  edge_gradient_error_p95=2.0514834
  edge_gradient_error_max=2.0756719
Aggregate summary -> /tmp/ordinarylight_validation_matrix/restir/small_emitter_summary.json
PASS: ReSTIR strategies are within configured tolerances
PASS in 14.4s

=== small_emitter / parity ===
Rendering canonical wavefront implementation...
Rendering feature-equivalent megakernel implementation...
Rendering SER ray-generation megakernel implementation...
Rendering hybrid implementation...
Rendering persistent-continuation hybrid implementation...
Rendering persistent implementation...
Rendering coarse-tile persistent implementation...
megakernel
  mae=0
  rmse=0
  relative_rmse=0
  max_absolute=0
ser
  mae=0
  rmse=0
  relative_rmse=0
  max_absolute=0
hybrid
  mae=0
  rmse=0
  relative_rmse=0
  max_absolute=0
hybrid_persistent
  mae=0
  rmse=0
  relative_rmse=0
  max_absolute=0
persistent
  mae=0
  rmse=0
  relative_rmse=0
  max_absolute=0
persistent_coarse
  mae=0
  rmse=0
  relative_rmse=0
  max_absolute=0
PASS: execution strategies are within the configured HDR tolerance
PASS in 11.7s

=== small_emitter / termination ===
reference: 1/8
reference: 2/8
reference: 3/8
reference: 4/8
reference: 5/8
reference: 6/8
reference: 7/8
reference: 8/8
baseline: 1/8
baseline: 2/8
baseline: 3/8
baseline: 4/8
baseline: 5/8
baseline: 6/8
baseline: 7/8
baseline: 8/8
roulette: 1/8
roulette: 2/8
roulette: 3/8
roulette: 4/8
roulette: 5/8
roulette: 6/8
roulette: 7/8
roulette: 8/8
{
  "scene": "small_emitter",
  "extent": [
    320,
    180
  ],
  "frames": 8,
  "baseline_bounces": 8,
  "candidate_bounces": null,
  "roulette_start": 4,
  "limits": {
    "max_error_ratio": 1.25,
    "max_temporal_ratio": 1.25,
    "max_low_frequency_ratio": 1.15,
    "max_abs_bias": 0.01
  },
  "quality": {
    "baseline": {
      "mae_mean": 0.1119690639898181,
      "mae_p95": 0.1157823171466589,
      "mae_max": 0.11644239723682404,
      "rmse_mean": 1.0567434430122375,
      "rmse_p95": 1.1908608496189117,
      "rmse_max": 1.1983972787857056,
      "relative_rmse_mean": 0.4271229096151793,
      "relative_rmse_p95": 0.48158801054931977,
      "relative_rmse_max": 0.4847875373697682,
      "bias_mean": 0.00028179675427963957,
      "bias_p95": 0.007416823226958511,
      "bias_max": 0.008544042706489563,
      "temporal_residual_rmse_mean": 1.3255144357681274,
      "temporal_residual_rmse_p95": 1.6288506925106048,
      "temporal_residual_rmse_max": 1.655622124671936,
      "history_lag_ratio_mean": 0.5151876431076168,
      "history_lag_ratio_p95": 0.6244106231323168,
      "history_lag_ratio_max": 0.6257219034889556,
      "horizontal_band_rms_mean": 0.058805770706385374,
      "horizontal_band_rms_p95": 0.08212600648403166,
      "horizontal_band_rms_max": 0.08880490809679031,
      "vertical_band_rms_mean": 0.07402477134019136,
      "vertical_band_rms_p95": 0.09438860081136226,
      "vertical_band_rms_max": 0.09923326224088669,
      "band_anisotropy_mean": 1.1072806832417323,
      "band_anisotropy_p95": 1.797678466738607,
      "band_anisotropy_max": 2.130938118292683,
      "low_frequency_energy_ratio_mean": 1.0767853851071916,
      "low_frequency_energy_ratio_p95": 1.85390816292224,
      "low_frequency_energy_ratio_max": 2.027772981673479,
      "positive_outlier_p999_mean": 0.41374204783739876,
      "positive_outlier_p999_p95": 1.143307555652505,
      "positive_outlier_p999_max": 1.3513092682976733,
      "edge_gradient_gain_mean": 0.9729150998560618,
      "edge_gradient_gain_p95": 1.115770488310733,
      "edge_gradient_gain_max": 1.1341282906910408,
      "edge_gradient_error_mean": 1.8450264716677514,
      "edge_gradient_error_p95": 2.0969167760563927,
      "edge_gradient_error_max": 2.1343791207000335
    },
    "roulette": {
      "mae_mean": 0.11542582232505083,
      "mae_p95": 0.12137802131474018,
      "mae_max": 0.12288810312747955,
      "rmse_mean": 1.203268714249134,
      "rmse_p95": 1.4834328651428224,
      "rmse_max": 1.4941604137420654,
      "relative_rmse_mean": 0.48641447687997086,
      "relative_rmse_p95": 0.5999054064053015,
      "relative_rmse_max": 0.6044325702636516,
      "bias_mean": 0.00032756038126535714,
      "bias_p95": 0.008950841519981623,
      "bias_max": 0.009173834696412086,
      "temporal_residual_rmse_mean": 1.5101491063833237,
      "temporal_residual_rmse_p95": 1.9509167075157166,
      "temporal_residual_rmse_max": 1.9826226234436035,
      "history_lag_ratio_mean": 0.5477873230561494,
      "history_lag_ratio_p95": 0.6837617937643031,
      "history_lag_ratio_max": 0.7016460957092465,
      "horizontal_band_rms_mean": 0.06680985726416111,
      "horizontal_band_rms_p95": 0.09642482921481133,
      "horizontal_band_rms_max": 0.09745531529188156,
      "vertical_band_rms_mean": 0.0829024682752788,
      "vertical_band_rms_p95": 0.10406795628368855,
      "vertical_band_rms_max": 0.10420084744691849,
      "band_anisotropy_mean": 1.109960554153123,
      "band_anisotropy_p95": 1.7727233998030199,
      "band_anisotropy_max": 2.076081075724315,
      "low_frequency_energy_ratio_mean": 1.3394867000953616,
      "low_frequency_energy_ratio_p95": 2.5080534156698446,
      "low_frequency_energy_ratio_max": 2.844754427384872,
      "positive_outlier_p999_mean": 0.10886030722506826,
      "positive_outlier_p999_p95": 0.11777624068268332,
      "positive_outlier_p999_max": 0.12225635850707893,
      "edge_gradient_gain_mean": 0.9741611353013155,
      "edge_gradient_gain_p95": 1.1351431266563934,
      "edge_gradient_gain_max": 1.157663727500777,
      "edge_gradient_error_mean": 2.0564097460241317,
      "edge_gradient_error_p95": 2.6122627701204744,
      "edge_gradient_error_max": 2.6669352296730677
    }
  }
}
FAIL in 6.8s

=== small_emitter / performance ===
FAIL in 0.0s

=== occlusion / indirect ===
reference: 1/8
reference: 2/8
reference: 3/8
reference: 4/8
reference: 5/8
reference: 6/8
reference: 7/8
reference: 8/8
conventional: 1/8
conventional: 2/8
conventional: 3/8
conventional: 4/8
conventional: 5/8
conventional: 6/8
conventional: 7/8
conventional: 8/8
reuse: 1/8
reuse: 2/8
reuse: 3/8
reuse: 4/8
reuse: 5/8
reuse: 6/8
reuse: 7/8
reuse: 8/8
{
  "scene": "occlusion",
  "extent": [
    320,
    180
  ],
  "frames": 8,
  "quality": {
    "conventional": {
      "mae_mean": 0.04480705689638853,
      "mae_p95": 0.045026831328868866,
      "mae_max": 0.045095622539520264,
      "rmse_mean": 0.05972301494330168,
      "rmse_p95": 0.06002200338989496,
      "rmse_max": 0.060102932155132294,
      "relative_rmse_mean": 0.7767609628729613,
      "relative_rmse_p95": 0.7796176479712815,
      "relative_rmse_max": 0.7797886989358581,
      "bias_mean": 0.0001330138886714849,
      "bias_p95": 0.00042275690939277407,
      "bias_max": 0.00044991218601353467,
      "temporal_residual_rmse_mean": 0.07419955171644688,
      "temporal_residual_rmse_p95": 0.08753104023635387,
      "temporal_residual_rmse_max": 0.0891968384385109,
      "history_lag_ratio_mean": 0.8288565309333659,
      "history_lag_ratio_p95": 0.9775525333173307,
      "history_lag_ratio_max": 0.9968590067295795,
      "horizontal_band_rms_mean": 0.0026424840034451336,
      "horizontal_band_rms_p95": 0.002753346913959831,
      "horizontal_band_rms_max": 0.0027551709208637476,
      "vertical_band_rms_mean": 0.003504963533487171,
      "vertical_band_rms_p95": 0.003691209468524903,
      "vertical_band_rms_max": 0.0037254439666867256,
      "band_anisotropy_mean": 1.0054776858416334,
      "band_anisotropy_p95": 1.0343772840076966,
      "band_anisotropy_max": 1.0364513425410529,
      "low_frequency_energy_ratio_mean": 1.034113549663184,
      "low_frequency_energy_ratio_p95": 1.0784827720803711,
      "low_frequency_energy_ratio_max": 1.0793282772199466,
      "positive_outlier_p999_mean": 2.7768903291583618,
      "positive_outlier_p999_p95": 2.806903285887972,
      "positive_outlier_p999_max": 2.808155246096616,
      "edge_gradient_gain_mean": 1.0144881242341848,
      "edge_gradient_gain_p95": 1.04361062645852,
      "edge_gradient_gain_max": 1.0475847071498956,
      "edge_gradient_error_mean": 1.2499579251609494,
      "edge_gradient_error_p95": 1.2598340937898074,
      "edge_gradient_error_max": 1.2602255063658943
    },
    "reuse": {
      "mae_mean": 0.044539391063153744,
      "mae_p95": 0.04485528767108917,
      "mae_max": 0.04489907622337341,
      "rmse_mean": 0.05940350191667676,
      "rmse_p95": 0.059818103164434436,
      "rmse_max": 0.05987170711159706,
      "relative_rmse_mean": 0.7726063246030045,
      "relative_rmse_p95": 0.7777255757736671,
      "relative_rmse_max": 0.7792999818942108,
      "bias_mean": 0.0001986176284844987,
      "bias_p95": 0.0004922251653624698,
      "bias_max": 0.0004942250088788569,
      "temporal_residual_rmse_mean": 0.07375168520957232,
      "temporal_residual_rmse_p95": 0.08704753629863261,
      "temporal_residual_rmse_max": 0.08866464346647263,
      "history_lag_ratio_mean": 0.8287057143919068,
      "history_lag_ratio_p95": 0.9775195181174223,
      "history_lag_ratio_max": 0.9968502778517875,
      "horizontal_band_rms_mean": 0.0026080184034071863,
      "horizontal_band_rms_p95": 0.00271754089044407,
      "horizontal_band_rms_max": 0.0027222742792218924,
      "vertical_band_rms_mean": 0.0034864097833633423,
      "vertical_band_rms_p95": 0.0036572067765519023,
      "vertical_band_rms_max": 0.003699180204421282,
      "band_anisotropy_mean": 0.9975053621160692,
      "band_anisotropy_p95": 1.0271736703106487,
      "band_anisotropy_max": 1.0301004107643004,
      "low_frequency_energy_ratio_mean": 1.0134460169893618,
      "low_frequency_energy_ratio_p95": 1.0622521690630282,
      "low_frequency_energy_ratio_max": 1.0769125482497308,
      "positive_outlier_p999_mean": 2.7797332563932233,
      "positive_outlier_p999_p95": 2.8039336979502023,
      "positive_outlier_p999_max": 2.808155246096616,
      "edge_gradient_gain_mean": 1.0111994941280442,
      "edge_gradient_gain_p95": 1.0388950526699208,
      "edge_gradient_gain_max": 1.0422926537079096,
      "edge_gradient_error_mean": 1.2456842291617725,
      "edge_gradient_error_p95": 1.2544747292861524,
      "edge_gradient_error_max": 1.2545554520780198
    }
  },
  "gpu_median_ms": {
    "reference": 127.18526399999999,
    "conventional": 7.385776,
    "reuse": 4.6589279999999995
  }
}
PASS: indirect reuse improves HDR error within stability limits
PASS in 9.3s

=== occlusion / restir ===
reference: frame 1/8
reference: frame 2/8
reference: frame 3/8
reference: frame 4/8
reference: frame 5/8
reference: frame 6/8
reference: frame 7/8
reference: frame 8/8
reference: capture complete -> /tmp/ordinarylight_validation_matrix/restir/occlusion_reference.npy
conventional: frame 1/8
conventional: frame 2/8
conventional: frame 3/8
conventional: frame 4/8
conventional: frame 5/8
conventional: frame 6/8
conventional: frame 7/8
conventional: frame 8/8
conventional: capture complete -> /tmp/ordinarylight_validation_matrix/restir/occlusion_conventional.npy
canonical: frame 1/8
canonical: frame 2/8
canonical: frame 3/8
canonical: frame 4/8
canonical: frame 5/8
canonical: frame 6/8
canonical: frame 7/8
canonical: frame 8/8
canonical: capture complete -> /tmp/ordinarylight_validation_matrix/restir/occlusion_canonical.npy
pairwise: frame 1/8
pairwise: frame 2/8
pairwise: frame 3/8
pairwise: frame 4/8
pairwise: frame 5/8
pairwise: frame 6/8
pairwise: frame 7/8
pairwise: frame 8/8
pairwise: capture complete -> /tmp/ordinarylight_validation_matrix/restir/occlusion_pairwise.npy
Captures saved incrementally; metadata -> /tmp/ordinarylight_validation_matrix/restir/occlusion_metadata.json
Computing per-frame HDR and temporal metrics...
Quality metrics -> /tmp/ordinarylight_validation_matrix/restir/occlusion_metrics.csv
Performance and reuse metrics -> /tmp/ordinarylight_validation_matrix/restir/occlusion_performance.csv
Computing aggregate summaries...
conventional
  mae_mean=0.039437099
  mae_p95=0.039980339
  mae_max=0.040108357
  rmse_mean=0.052198028
  rmse_p95=0.052795117
  rmse_max=0.052926555
  relative_rmse_mean=0.80807463
  relative_rmse_p95=0.81265256
  relative_rmse_max=0.81413882
  bias_mean=0.00011170814
  bias_p95=0.00043126478
  bias_max=0.00048033035
  temporal_residual_rmse_mean=0.064920621
  temporal_residual_rmse_p95=0.076219379
  temporal_residual_rmse_max=0.077395529
  history_lag_ratio_mean=0.82551222
  history_lag_ratio_p95=0.97217073
  history_lag_ratio_max=0.99123019
  horizontal_band_rms_mean=0.0024075914
  horizontal_band_rms_p95=0.0025934455
  horizontal_band_rms_max=0.0026271758
  vertical_band_rms_mean=0.0031184127
  vertical_band_rms_p95=0.0032263588
  vertical_band_rms_max=0.0032449926
  band_anisotropy_mean=1.0291782
  band_anisotropy_p95=1.0769473
  band_anisotropy_max=1.0794789
  low_frequency_energy_ratio_mean=1.0418942
  low_frequency_energy_ratio_p95=1.0845564
  low_frequency_energy_ratio_max=1.0919819
  positive_outlier_p999_mean=2.2577054
  positive_outlier_p999_p95=2.2697488
  positive_outlier_p999_max=2.2702065
  edge_gradient_gain_mean=1.0124628
  edge_gradient_gain_p95=1.0459237
  edge_gradient_gain_max=1.0517234
  edge_gradient_error_mean=1.3541713
  edge_gradient_error_p95=1.3636232
  edge_gradient_error_max=1.3647464
canonical
  mae_mean=0.039437099
  mae_p95=0.039980339
  mae_max=0.040108357
  rmse_mean=0.052198028
  rmse_p95=0.052795117
  rmse_max=0.052926555
  relative_rmse_mean=0.80807463
  relative_rmse_p95=0.81265256
  relative_rmse_max=0.81413882
  bias_mean=0.00011170814
  bias_p95=0.00043126478
  bias_max=0.00048033035
  temporal_residual_rmse_mean=0.064920621
  temporal_residual_rmse_p95=0.076219379
  temporal_residual_rmse_max=0.077395529
  history_lag_ratio_mean=0.82551222
  history_lag_ratio_p95=0.97217073
  history_lag_ratio_max=0.99123019
  horizontal_band_rms_mean=0.0024075914
  horizontal_band_rms_p95=0.0025934455
  horizontal_band_rms_max=0.0026271758
  vertical_band_rms_mean=0.0031184127
  vertical_band_rms_p95=0.0032263588
  vertical_band_rms_max=0.0032449926
  band_anisotropy_mean=1.0291782
  band_anisotropy_p95=1.0769473
  band_anisotropy_max=1.0794789
  low_frequency_energy_ratio_mean=1.0418942
  low_frequency_energy_ratio_p95=1.0845564
  low_frequency_energy_ratio_max=1.0919819
  positive_outlier_p999_mean=2.2577054
  positive_outlier_p999_p95=2.2697488
  positive_outlier_p999_max=2.2702065
  edge_gradient_gain_mean=1.0124628
  edge_gradient_gain_p95=1.0459237
  edge_gradient_gain_max=1.0517234
  edge_gradient_error_mean=1.3541713
  edge_gradient_error_p95=1.3636232
  edge_gradient_error_max=1.3647464
pairwise
  mae_mean=0.039437099
  mae_p95=0.039980339
  mae_max=0.040108357
  rmse_mean=0.052198028
  rmse_p95=0.052795117
  rmse_max=0.052926555
  relative_rmse_mean=0.80807463
  relative_rmse_p95=0.81265256
  relative_rmse_max=0.81413882
  bias_mean=0.00011170814
  bias_p95=0.00043126478
  bias_max=0.00048033035
  temporal_residual_rmse_mean=0.064920621
  temporal_residual_rmse_p95=0.076219379
  temporal_residual_rmse_max=0.077395529
  history_lag_ratio_mean=0.82551222
  history_lag_ratio_p95=0.97217073
  history_lag_ratio_max=0.99123019
  horizontal_band_rms_mean=0.0024075914
  horizontal_band_rms_p95=0.0025934455
  horizontal_band_rms_max=0.0026271758
  vertical_band_rms_mean=0.0031184127
  vertical_band_rms_p95=0.0032263588
  vertical_band_rms_max=0.0032449926
  band_anisotropy_mean=1.0291782
  band_anisotropy_p95=1.0769473
  band_anisotropy_max=1.0794789
  low_frequency_energy_ratio_mean=1.0418942
  low_frequency_energy_ratio_p95=1.0845564
  low_frequency_energy_ratio_max=1.0919819
  positive_outlier_p999_mean=2.2577054
  positive_outlier_p999_p95=2.2697488
  positive_outlier_p999_max=2.2702065
  edge_gradient_gain_mean=1.0124628
  edge_gradient_gain_p95=1.0459237
  edge_gradient_gain_max=1.0517234
  edge_gradient_error_mean=1.3541713
  edge_gradient_error_p95=1.3636232
  edge_gradient_error_max=1.3647464
Aggregate summary -> /tmp/ordinarylight_validation_matrix/restir/occlusion_summary.json
PASS: ReSTIR strategies are within configured tolerances
PASS in 13.8s

=== occlusion / parity ===
Rendering canonical wavefront implementation...
Rendering feature-equivalent megakernel implementation...
Rendering SER ray-generation megakernel implementation...
Rendering hybrid implementation...
Rendering persistent-continuation hybrid implementation...
Rendering persistent implementation...
Rendering coarse-tile persistent implementation...
megakernel
  mae=0
  rmse=0
  relative_rmse=0
  max_absolute=0
ser
  mae=0
  rmse=0
  relative_rmse=0
  max_absolute=0
hybrid
  mae=0
  rmse=0
  relative_rmse=0
  max_absolute=0
hybrid_persistent
  mae=0
  rmse=0
  relative_rmse=0
  max_absolute=0
persistent
  mae=0
  rmse=0
  relative_rmse=0
  max_absolute=0
persistent_coarse
  mae=0
  rmse=0
  relative_rmse=0
  max_absolute=0
PASS: execution strategies are within the configured HDR tolerance
PASS in 11.8s

=== occlusion / termination ===
reference: 1/8
reference: 2/8
reference: 3/8
reference: 4/8
reference: 5/8
reference: 6/8
reference: 7/8
reference: 8/8
baseline: 1/8
baseline: 2/8
baseline: 3/8
baseline: 4/8
baseline: 5/8
baseline: 6/8
baseline: 7/8
baseline: 8/8
roulette: 1/8
roulette: 2/8
roulette: 3/8
roulette: 4/8
roulette: 5/8
roulette: 6/8
roulette: 7/8
roulette: 8/8
{
  "scene": "occlusion",
  "extent": [
    320,
    180
  ],
  "frames": 8,
  "baseline_bounces": 8,
  "candidate_bounces": null,
  "roulette_start": 4,
  "limits": {
    "max_error_ratio": 1.25,
    "max_temporal_ratio": 1.25,
    "max_low_frequency_ratio": 1.15,
    "max_abs_bias": 0.01
  },
  "quality": {
    "baseline": {
      "mae_mean": 0.07804324571043253,
      "mae_p95": 0.07879517264664174,
      "mae_max": 0.0790986493229866,
      "rmse_mean": 0.10337141156196594,
      "rmse_p95": 0.10419724173843861,
      "rmse_max": 0.10453993827104568,
      "relative_rmse_mean": 0.8064838390875417,
      "relative_rmse_p95": 0.8106871910787583,
      "relative_rmse_max": 0.8122908791891028,
      "bias_mean": -1.6558291463297792e-05,
      "bias_p95": 0.0005730152479372919,
      "bias_max": 0.000596491910982877,
      "temporal_residual_rmse_mean": 0.12849800661206245,
      "temporal_residual_rmse_p95": 0.15125478953123092,
      "temporal_residual_rmse_max": 0.15394820272922516,
      "history_lag_ratio_mean": 0.8269574844614733,
      "history_lag_ratio_p95": 0.9747337463835621,
      "history_lag_ratio_max": 0.9945203448840261,
      "horizontal_band_rms_mean": 0.004838153545279056,
      "horizontal_band_rms_p95": 0.005120888049714267,
      "horizontal_band_rms_max": 0.00512982252985239,
      "vertical_band_rms_mean": 0.006175248068757355,
      "vertical_band_rms_p95": 0.0064837827114388345,
      "vertical_band_rms_max": 0.006513168103992939,
      "band_anisotropy_mean": 1.0446862550151166,
      "band_anisotropy_p95": 1.112280257446694,
      "band_anisotropy_max": 1.115474581853757,
      "low_frequency_energy_ratio_mean": 1.0442743018323268,
      "low_frequency_energy_ratio_p95": 1.0876961087879653,
      "low_frequency_energy_ratio_max": 1.0937464273033235,
      "positive_outlier_p999_mean": 2.255920432860794,
      "positive_outlier_p999_p95": 2.2728671060714345,
      "positive_outlier_p999_max": 2.275045305826927,
      "edge_gradient_gain_mean": 1.012434183717858,
      "edge_gradient_gain_p95": 1.0317364706172947,
      "edge_gradient_gain_max": 1.0360983811911444,
      "edge_gradient_error_mean": 1.3578040174016,
      "edge_gradient_error_p95": 1.372136340000849,
      "edge_gradient_error_max": 1.3752109593874757
    },
    "roulette": {
      "mae_mean": 0.08117492590099573,
      "mae_p95": 0.08200601935386657,
      "mae_max": 0.08233032375574112,
      "rmse_mean": 0.10729003138840199,
      "rmse_p95": 0.10820273011922836,
      "rmse_max": 0.10855378955602646,
      "relative_rmse_mean": 0.8370556114235298,
      "relative_rmse_p95": 0.842035839377511,
      "relative_rmse_max": 0.8434791010604216,
      "bias_mean": 4.3596248815447325e-06,
      "bias_p95": 0.0006021541965310461,
      "bias_max": 0.0006694103358313441,
      "temporal_residual_rmse_mean": 0.1333142276853323,
      "temporal_residual_rmse_p95": 0.15647081732749937,
      "temporal_residual_rmse_max": 0.15898168087005615,
      "history_lag_ratio_mean": 0.8300298737672506,
      "history_lag_ratio_p95": 0.9763387212770521,
      "history_lag_ratio_max": 0.9949411105967663,
      "horizontal_band_rms_mean": 0.004951052309479564,
      "horizontal_band_rms_p95": 0.005223247082903981,
      "horizontal_band_rms_max": 0.0052407607436180115,
      "vertical_band_rms_mean": 0.006333025812637061,
      "vertical_band_rms_p95": 0.006634026044048369,
      "vertical_band_rms_max": 0.006682886742055416,
      "band_anisotropy_mean": 1.0423647519833708,
      "band_anisotropy_p95": 1.1069814283288233,
      "band_anisotropy_max": 1.1090493335717335,
      "low_frequency_energy_ratio_mean": 1.0371747891454457,
      "low_frequency_energy_ratio_p95": 1.0778036282147065,
      "low_frequency_energy_ratio_max": 1.083292430624939,
      "positive_outlier_p999_mean": 2.345472920987328,
      "positive_outlier_p999_p95": 2.372603608207527,
      "positive_outlier_p999_max": 2.3770723705258905,
      "edge_gradient_gain_mean": 1.0131008969561108,
      "edge_gradient_gain_p95": 1.0337895022585784,
      "edge_gradient_gain_max": 1.0390782465844,
      "edge_gradient_error_mean": 1.3785255121314361,
      "edge_gradient_error_p95": 1.39302961972264,
      "edge_gradient_error_max": 1.3954846817377151
    }
  }
}
PASS: path termination preserves configured HDR quality
PASS in 6.7s

=== occlusion / performance ===
FAIL in 0.0s

=== nested_glass / indirect ===
reference: 1/8
reference: 2/8
reference: 3/8
reference: 4/8
reference: 5/8
reference: 6/8
reference: 7/8
reference: 8/8
conventional: 1/8
conventional: 2/8
conventional: 3/8
conventional: 4/8
conventional: 5/8
conventional: 6/8
conventional: 7/8
conventional: 8/8
reuse: 1/8
reuse: 2/8
reuse: 3/8
reuse: 4/8
reuse: 5/8
reuse: 6/8
reuse: 7/8
reuse: 8/8
{
  "scene": "nested_glass",
  "extent": [
    320,
    180
  ],
  "frames": 8,
  "quality": {
    "conventional": {
      "mae_mean": 0.061664738692343235,
      "mae_p95": 0.06270361579954624,
      "mae_max": 0.06278672069311142,
      "rmse_mean": 0.19674311950802803,
      "rmse_p95": 0.2066205069422722,
      "rmse_max": 0.20792753994464874,
      "relative_rmse_mean": 1.7505883735991947,
      "relative_rmse_p95": 1.838349308897746,
      "relative_rmse_max": 1.852796868918008,
      "bias_mean": 7.461026721955477e-05,
      "bias_p95": 0.0008050487609580159,
      "bias_max": 0.0008167955675162375,
      "temporal_residual_rmse_mean": 0.244210384786129,
      "temporal_residual_rmse_p95": 0.29041824489831924,
      "temporal_residual_rmse_max": 0.2917947471141815,
      "history_lag_ratio_mean": 0.8289249369217926,
      "history_lag_ratio_p95": 0.9768693260259012,
      "history_lag_ratio_max": 0.9943915507017256,
      "horizontal_band_rms_mean": 0.011440865346230567,
      "horizontal_band_rms_p95": 0.0137744156178087,
      "horizontal_band_rms_max": 0.013849951326847076,
      "vertical_band_rms_mean": 0.015139223542064428,
      "vertical_band_rms_p95": 0.016676676366478203,
      "vertical_band_rms_max": 0.017153307795524597,
      "band_anisotropy_mean": 1.0113001465662101,
      "band_anisotropy_p95": 1.2585096278013008,
      "band_anisotropy_max": 1.2962789646606787,
      "low_frequency_energy_ratio_mean": 0.8573297918057786,
      "low_frequency_energy_ratio_p95": 1.071324009896041,
      "low_frequency_energy_ratio_max": 1.1353915779349897,
      "positive_outlier_p999_mean": 38.355443905073,
      "positive_outlier_p999_p95": 41.011440061759224,
      "positive_outlier_p999_max": 41.28558395190521,
      "edge_gradient_gain_mean": 0.9617541757781407,
      "edge_gradient_gain_p95": 1.1355326556353442,
      "edge_gradient_gain_max": 1.1546773956186387,
      "edge_gradient_error_mean": 7.91662101164065,
      "edge_gradient_error_p95": 8.441540564581596,
      "edge_gradient_error_max": 8.52826663238795
    },
    "reuse": {
      "mae_mean": 0.061344788409769535,
      "mae_p95": 0.062322874553501606,
      "mae_max": 0.06240922212600708,
      "rmse_mean": 0.19535739719867706,
      "rmse_p95": 0.2049721173942089,
      "rmse_max": 0.20643870532512665,
      "relative_rmse_mean": 1.7382840663515098,
      "relative_rmse_p95": 1.8277748528514048,
      "relative_rmse_max": 1.8395301889865205,
      "bias_mean": 0.0005968083763576715,
      "bias_p95": 0.0013269488757941873,
      "bias_max": 0.0013384128687903285,
      "temporal_residual_rmse_mean": 0.24228452891111374,
      "temporal_residual_rmse_p95": 0.28772151470184326,
      "temporal_residual_rmse_max": 0.28958946466445923,
      "history_lag_ratio_mean": 0.8288200330502142,
      "history_lag_ratio_p95": 0.9768131007708003,
      "history_lag_ratio_max": 0.9941862871266133,
      "horizontal_band_rms_mean": 0.011259331018663943,
      "horizontal_band_rms_p95": 0.013653639843687415,
      "horizontal_band_rms_max": 0.0137743279337883,
      "vertical_band_rms_mean": 0.014978293678723276,
      "vertical_band_rms_p95": 0.01664832839742303,
      "vertical_band_rms_max": 0.017070284113287926,
      "band_anisotropy_mean": 1.0061519825441692,
      "band_anisotropy_p95": 1.2514876010757157,
      "band_anisotropy_max": 1.2982345610082677,
      "low_frequency_energy_ratio_mean": 0.8604369193870717,
      "low_frequency_energy_ratio_p95": 1.0937698838981584,
      "low_frequency_energy_ratio_max": 1.142650331872014,
      "positive_outlier_p999_mean": 37.83818969059803,
      "positive_outlier_p999_p95": 40.75255831533457,
      "positive_outlier_p999_max": 41.20426839244279,
      "edge_gradient_gain_mean": 0.9542906828785086,
      "edge_gradient_gain_p95": 1.129056189559415,
      "edge_gradient_gain_max": 1.146796050014448,
      "edge_gradient_error_mean": 7.864017602994133,
      "edge_gradient_error_p95": 8.397220353665372,
      "edge_gradient_error_max": 8.476088785188358
    }
  },
  "gpu_median_ms": {
    "reference": 158.68992,
    "conventional": 9.29064,
    "reuse": 9.190432000000001
  }
}
PASS: indirect reuse improves HDR error within stability limits
PASS in 11.2s

=== nested_glass / restir ===
reference: frame 1/8
reference: frame 2/8
reference: frame 3/8
reference: frame 4/8
reference: frame 5/8
reference: frame 6/8
reference: frame 7/8
reference: frame 8/8
reference: capture complete -> /tmp/ordinarylight_validation_matrix/restir/nested_glass_reference.npy
conventional: frame 1/8
conventional: frame 2/8
conventional: frame 3/8
conventional: frame 4/8
conventional: frame 5/8
conventional: frame 6/8
conventional: frame 7/8
conventional: frame 8/8
conventional: capture complete -> /tmp/ordinarylight_validation_matrix/restir/nested_glass_conventional.npy
canonical: frame 1/8
canonical: frame 2/8
canonical: frame 3/8
canonical: frame 4/8
canonical: frame 5/8
canonical: frame 6/8
canonical: frame 7/8
canonical: frame 8/8
canonical: capture complete -> /tmp/ordinarylight_validation_matrix/restir/nested_glass_canonical.npy
pairwise: frame 1/8
pairwise: frame 2/8
pairwise: frame 3/8
pairwise: frame 4/8
pairwise: frame 5/8
pairwise: frame 6/8
pairwise: frame 7/8
pairwise: frame 8/8
pairwise: capture complete -> /tmp/ordinarylight_validation_matrix/restir/nested_glass_pairwise.npy
Captures saved incrementally; metadata -> /tmp/ordinarylight_validation_matrix/restir/nested_glass_metadata.json
Computing per-frame HDR and temporal metrics...
Quality metrics -> /tmp/ordinarylight_validation_matrix/restir/nested_glass_metrics.csv
Performance and reuse metrics -> /tmp/ordinarylight_validation_matrix/restir/nested_glass_performance.csv
Computing aggregate summaries...
conventional
  mae_mean=0.055473173
  mae_p95=0.056561206
  mae_max=0.056687046
  rmse_mean=0.19671627
  rmse_p95=0.20806919
  rmse_max=0.20838119
  relative_rmse_mean=1.8917273
  relative_rmse_p95=2.0098041
  relative_rmse_max=2.0166288
  bias_mean=0.00032379858
  bias_p95=0.0012057948
  bias_max=0.0013658318
  temporal_residual_rmse_mean=0.24388381
  temporal_residual_rmse_p95=0.28443829
  temporal_residual_rmse_max=0.28472444
  history_lag_ratio_mean=0.82823138
  history_lag_ratio_p95=0.97268016
  history_lag_ratio_max=0.98809398
  horizontal_band_rms_mean=0.011356018
  horizontal_band_rms_p95=0.013582527
  horizontal_band_rms_max=0.014090174
  vertical_band_rms_mean=0.015072355
  vertical_band_rms_p95=0.016190286
  vertical_band_rms_max=0.016216584
  band_anisotropy_mean=1.0060135
  band_anisotropy_p95=1.1622773
  band_anisotropy_max=1.1638919
  low_frequency_energy_ratio_mean=0.82550647
  low_frequency_energy_ratio_p95=1.1960998
  low_frequency_energy_ratio_max=1.3096269
  positive_outlier_p999_mean=40.398714
  positive_outlier_p999_p95=43.490105
  positive_outlier_p999_max=43.617161
  edge_gradient_gain_mean=0.97522569
  edge_gradient_gain_p95=1.1320431
  edge_gradient_gain_max=1.1489203
  edge_gradient_error_mean=8.4498314
  edge_gradient_error_p95=9.1089726
  edge_gradient_error_max=9.1352541
canonical
  mae_mean=0.055473173
  mae_p95=0.056561206
  mae_max=0.056687046
  rmse_mean=0.19671627
  rmse_p95=0.20806919
  rmse_max=0.20838119
  relative_rmse_mean=1.8917273
  relative_rmse_p95=2.0098041
  relative_rmse_max=2.0166288
  bias_mean=0.00032379858
  bias_p95=0.0012057948
  bias_max=0.0013658318
  temporal_residual_rmse_mean=0.24388381
  temporal_residual_rmse_p95=0.28443829
  temporal_residual_rmse_max=0.28472444
  history_lag_ratio_mean=0.82823138
  history_lag_ratio_p95=0.97268016
  history_lag_ratio_max=0.98809398
  horizontal_band_rms_mean=0.011356018
  horizontal_band_rms_p95=0.013582527
  horizontal_band_rms_max=0.014090174
  vertical_band_rms_mean=0.015072355
  vertical_band_rms_p95=0.016190286
  vertical_band_rms_max=0.016216584
  band_anisotropy_mean=1.0060135
  band_anisotropy_p95=1.1622773
  band_anisotropy_max=1.1638919
  low_frequency_energy_ratio_mean=0.82550647
  low_frequency_energy_ratio_p95=1.1960998
  low_frequency_energy_ratio_max=1.3096269
  positive_outlier_p999_mean=40.398714
  positive_outlier_p999_p95=43.490105
  positive_outlier_p999_max=43.617161
  edge_gradient_gain_mean=0.97522569
  edge_gradient_gain_p95=1.1320431
  edge_gradient_gain_max=1.1489203
  edge_gradient_error_mean=8.4498314
  edge_gradient_error_p95=9.1089726
  edge_gradient_error_max=9.1352541
pairwise
  mae_mean=0.055473173
  mae_p95=0.056561206
  mae_max=0.056687046
  rmse_mean=0.19671627
  rmse_p95=0.20806919
  rmse_max=0.20838119
  relative_rmse_mean=1.8917273
  relative_rmse_p95=2.0098041
  relative_rmse_max=2.0166288
  bias_mean=0.00032379858
  bias_p95=0.0012057948
  bias_max=0.0013658318
  temporal_residual_rmse_mean=0.24388381
  temporal_residual_rmse_p95=0.28443829
  temporal_residual_rmse_max=0.28472444
  history_lag_ratio_mean=0.82823138
  history_lag_ratio_p95=0.97268016
  history_lag_ratio_max=0.98809398
  horizontal_band_rms_mean=0.011356018
  horizontal_band_rms_p95=0.013582527
  horizontal_band_rms_max=0.014090174
  vertical_band_rms_mean=0.015072355
  vertical_band_rms_p95=0.016190286
  vertical_band_rms_max=0.016216584
  band_anisotropy_mean=1.0060135
  band_anisotropy_p95=1.1622773
  band_anisotropy_max=1.1638919
  low_frequency_energy_ratio_mean=0.82550647
  low_frequency_energy_ratio_p95=1.1960998
  low_frequency_energy_ratio_max=1.3096269
  positive_outlier_p999_mean=40.398714
  positive_outlier_p999_p95=43.490105
  positive_outlier_p999_max=43.617161
  edge_gradient_gain_mean=0.97522569
  edge_gradient_gain_p95=1.1320431
  edge_gradient_gain_max=1.1489203
  edge_gradient_error_mean=8.4498314
  edge_gradient_error_p95=9.1089726
  edge_gradient_error_max=9.1352541
Aggregate summary -> /tmp/ordinarylight_validation_matrix/restir/nested_glass_summary.json
PASS: ReSTIR strategies are within configured tolerances
PASS in 18.6s

=== nested_glass / parity ===
Rendering canonical wavefront implementation...
Rendering feature-equivalent megakernel implementation...
Rendering SER ray-generation megakernel implementation...
Rendering hybrid implementation...
Rendering persistent-continuation hybrid implementation...
Rendering persistent implementation...
Rendering coarse-tile persistent implementation...
megakernel
  mae=0
  rmse=0
  relative_rmse=0
  max_absolute=0
ser
  mae=0
  rmse=0
  relative_rmse=0
  max_absolute=0
hybrid
  mae=0
  rmse=0
  relative_rmse=0
  max_absolute=0
hybrid_persistent
  mae=0
  rmse=0
  relative_rmse=0
  max_absolute=0
persistent
  mae=0
  rmse=0
  relative_rmse=0
  max_absolute=0
persistent_coarse
  mae=0
  rmse=0
  relative_rmse=0
  max_absolute=0
PASS: execution strategies are within the configured HDR tolerance
PASS in 16.0s

=== nested_glass / termination ===
reference: 1/8
reference: 2/8
reference: 3/8
reference: 4/8
reference: 5/8
reference: 6/8
reference: 7/8
reference: 8/8
baseline: 1/8
baseline: 2/8
baseline: 3/8
baseline: 4/8
baseline: 5/8
baseline: 6/8
baseline: 7/8
baseline: 8/8
roulette: 1/8
roulette: 2/8
roulette: 3/8
roulette: 4/8
roulette: 5/8
roulette: 6/8
roulette: 7/8
roulette: 8/8
{
  "scene": "nested_glass",
  "extent": [
    320,
    180
  ],
  "frames": 8,
  "baseline_bounces": 8,
  "candidate_bounces": null,
  "roulette_start": 4,
  "limits": {
    "max_error_ratio": 1.25,
    "max_temporal_ratio": 1.25,
    "max_low_frequency_ratio": 1.15,
    "max_abs_bias": 0.01
  },
  "quality": {
    "baseline": {
      "mae_mean": 0.09111917018890381,
      "mae_p95": 0.09223869815468788,
      "mae_max": 0.09239774197340012,
      "rmse_mean": 0.21153220906853676,
      "rmse_p95": 0.2221034862101078,
      "rmse_max": 0.22268636524677277,
      "relative_rmse_mean": 1.4064837359235782,
      "relative_rmse_p95": 1.4780383855762647,
      "relative_rmse_max": 1.4817800562044523,
      "bias_mean": -4.186991191090783e-05,
      "bias_p95": 0.0006295837396464773,
      "bias_max": 0.0008626098860986531,
      "temporal_residual_rmse_mean": 0.26185600459575653,
      "temporal_residual_rmse_p95": 0.3068458303809166,
      "temporal_residual_rmse_max": 0.30768704414367676,
      "history_lag_ratio_mean": 0.8297540124093481,
      "history_lag_ratio_p95": 0.9764949162879986,
      "history_lag_ratio_max": 0.9935434276218291,
      "horizontal_band_rms_mean": 0.011617867508903146,
      "horizontal_band_rms_p95": 0.014385191537439822,
      "horizontal_band_rms_max": 0.014542837627232075,
      "vertical_band_rms_mean": 0.015520090935751796,
      "vertical_band_rms_p95": 0.017152687814086676,
      "vertical_band_rms_max": 0.017356017604470253,
      "band_anisotropy_mean": 1.0038601027512457,
      "band_anisotropy_p95": 1.2616580263048476,
      "band_anisotropy_max": 1.3186001434880636,
      "low_frequency_energy_ratio_mean": 0.8665323808180312,
      "low_frequency_energy_ratio_p95": 1.1318672681227326,
      "low_frequency_energy_ratio_max": 1.213219499287124,
      "positive_outlier_p999_mean": 29.752159426584036,
      "positive_outlier_p999_p95": 32.01906215464724,
      "positive_outlier_p999_max": 32.04975929289989,
      "edge_gradient_gain_mean": 0.934966869947115,
      "edge_gradient_gain_p95": 1.0529470745548783,
      "edge_gradient_gain_max": 1.0564977934437088,
      "edge_gradient_error_mean": 6.188021238420621,
      "edge_gradient_error_p95": 6.648618412026751,
      "edge_gradient_error_max": 6.648716369432982
    },
    "roulette": {
      "mae_mean": 0.09593927767127752,
      "mae_p95": 0.09683185629546642,
      "mae_max": 0.09692765027284622,
      "rmse_mean": 0.22354144416749477,
      "rmse_p95": 0.22969287112355233,
      "rmse_max": 0.22988542914390564,
      "relative_rmse_mean": 1.4863370297946341,
      "relative_rmse_p95": 1.528666517703172,
      "relative_rmse_max": 1.5300901817291719,
      "bias_mean": 3.746634865819942e-05,
      "bias_p95": 0.0004927377420244736,
      "bias_max": 0.0006360323168337345,
      "temporal_residual_rmse_mean": 0.27581606432795525,
      "temporal_residual_rmse_p95": 0.32162014245986936,
      "temporal_residual_rmse_max": 0.32283374667167664,
      "history_lag_ratio_mean": 0.8345796924431212,
      "history_lag_ratio_p95": 0.9807783391283975,
      "history_lag_ratio_max": 0.9960499145434059,
      "horizontal_band_rms_mean": 0.012297549052163959,
      "horizontal_band_rms_p95": 0.014759833645075559,
      "horizontal_band_rms_max": 0.015263882465660572,
      "vertical_band_rms_mean": 0.016454843804240227,
      "vertical_band_rms_p95": 0.01830919636413455,
      "vertical_band_rms_max": 0.018878081813454628,
      "band_anisotropy_mean": 1.0014700861676857,
      "band_anisotropy_p95": 1.1966803940112318,
      "band_anisotropy_max": 1.2251595982796526,
      "low_frequency_energy_ratio_mean": 0.8958128158701584,
      "low_frequency_energy_ratio_p95": 1.175063775726952,
      "low_frequency_energy_ratio_max": 1.2689062043164785,
      "positive_outlier_p999_mean": 31.040105748072307,
      "positive_outlier_p999_p95": 32.38684656433876,
      "positive_outlier_p999_max": 32.47208769573585,
      "edge_gradient_gain_mean": 0.9163471538172728,
      "edge_gradient_gain_p95": 1.0550361518855478,
      "edge_gradient_gain_max": 1.0792514646793283,
      "edge_gradient_error_mean": 6.455198770985282,
      "edge_gradient_error_p95": 6.862358014768859,
      "edge_gradient_error_max": 6.907041465919105
    }
  }
}
PASS: path termination preserves configured HDR quality
PASS in 6.8s

=== nested_glass / performance ===
FAIL in 0.0s

=== dense / indirect ===
reference: 1/8
reference: 2/8
reference: 3/8
reference: 4/8
reference: 5/8
reference: 6/8
reference: 7/8
reference: 8/8
conventional: 1/8
conventional: 2/8
conventional: 3/8
conventional: 4/8
conventional: 5/8
conventional: 6/8
conventional: 7/8
conventional: 8/8
reuse: 1/8
reuse: 2/8
reuse: 3/8
reuse: 4/8
reuse: 5/8
reuse: 6/8
reuse: 7/8
reuse: 8/8
{
  "scene": "dense",
  "extent": [
    320,
    180
  ],
  "frames": 8,
  "quality": {
    "conventional": {
      "mae_mean": 0.04030208243057132,
      "mae_p95": 0.040528242103755475,
      "mae_max": 0.04056369513273239,
      "rmse_mean": 0.054983976762741804,
      "rmse_p95": 0.05530384834855795,
      "rmse_max": 0.05538718402385712,
      "relative_rmse_mean": 0.8320672061932031,
      "relative_rmse_p95": 0.8362740168727344,
      "relative_rmse_max": 0.8366994033208469,
      "bias_mean": 0.00014533227204083232,
      "bias_p95": 0.00043266845168545833,
      "bias_max": 0.000487677869386971,
      "temporal_residual_rmse_mean": 0.0683048814535141,
      "temporal_residual_rmse_p95": 0.08043802082538605,
      "temporal_residual_rmse_max": 0.08186598867177963,
      "history_lag_ratio_mean": 0.8271851563013043,
      "history_lag_ratio_p95": 0.9736444805649669,
      "history_lag_ratio_max": 0.992176061115585,
      "horizontal_band_rms_mean": 0.0024788323789834976,
      "horizontal_band_rms_p95": 0.002652431291062385,
      "horizontal_band_rms_max": 0.0026740198954939842,
      "vertical_band_rms_mean": 0.003126341645838693,
      "vertical_band_rms_p95": 0.0032393634086474777,
      "vertical_band_rms_max": 0.0032529353629797697,
      "band_anisotropy_mean": 1.0593646405717516,
      "band_anisotropy_p95": 1.177475786217746,
      "band_anisotropy_max": 1.22200074789481,
      "low_frequency_energy_ratio_mean": 1.0242372647805427,
      "low_frequency_energy_ratio_p95": 1.1009596064149474,
      "low_frequency_energy_ratio_max": 1.1123824638959308,
      "positive_outlier_p999_mean": 3.391433891268034,
      "positive_outlier_p999_p95": 3.413597224196121,
      "positive_outlier_p999_max": 3.4164104805915083,
      "edge_gradient_gain_mean": 1.0035222180257615,
      "edge_gradient_gain_p95": 1.040905969756446,
      "edge_gradient_gain_max": 1.049495007795525,
      "edge_gradient_error_mean": 1.4686678854982889,
      "edge_gradient_error_p95": 1.4859498316452,
      "edge_gradient_error_max": 1.4898109825043138
    },
    "reuse": {
      "mae_mean": 0.04005621140822768,
      "mae_p95": 0.04032029751688242,
      "mae_max": 0.04034915566444397,
      "rmse_mean": 0.054691634606570005,
      "rmse_p95": 0.055080209858715534,
      "rmse_max": 0.05509654060006142,
      "relative_rmse_mean": 0.8276447118508921,
      "relative_rmse_p95": 0.8341260029811692,
      "relative_rmse_max": 0.8354840134690968,
      "bias_mean": 0.00023671807002756395,
      "bias_p95": 0.0005187326372833922,
      "bias_max": 0.0005339279887266457,
      "temporal_residual_rmse_mean": 0.06789276748895645,
      "temporal_residual_rmse_p95": 0.0800207607448101,
      "temporal_residual_rmse_max": 0.08137618750333786,
      "history_lag_ratio_mean": 0.8270023297778083,
      "history_lag_ratio_p95": 0.9734252994351744,
      "history_lag_ratio_max": 0.9920044277929155,
      "horizontal_band_rms_mean": 0.002451468404615298,
      "horizontal_band_rms_p95": 0.0026139672263525426,
      "horizontal_band_rms_max": 0.00262771756388247,
      "vertical_band_rms_mean": 0.00311727452208288,
      "vertical_band_rms_p95": 0.0032461367663927376,
      "vertical_band_rms_max": 0.0032642639707773924,
      "band_anisotropy_mean": 1.0509617062449335,
      "band_anisotropy_p95": 1.163197613697915,
      "band_anisotropy_max": 1.2107206757659839,
      "low_frequency_energy_ratio_mean": 1.0097114431062857,
      "low_frequency_energy_ratio_p95": 1.0678392318793788,
      "low_frequency_energy_ratio_max": 1.0739637721473207,
      "positive_outlier_p999_mean": 3.3874602819147945,
      "positive_outlier_p999_p95": 3.411486233238295,
      "positive_outlier_p999_max": 3.4131628021948526,
      "edge_gradient_gain_mean": 1.0004594345057625,
      "edge_gradient_gain_p95": 1.0381474475010506,
      "edge_gradient_gain_max": 1.046162487865916,
      "edge_gradient_error_mean": 1.463685703813984,
      "edge_gradient_error_p95": 1.4835833508075567,
      "edge_gradient_error_max": 1.4898109825043138
    }
  },
  "gpu_median_ms": {
    "reference": 141.357776,
    "conventional": 7.985072000000001,
    "reuse": 5.030704
  }
}
PASS: indirect reuse improves HDR error within stability limits
PASS in 9.6s

=== dense / restir ===
reference: frame 1/8
reference: frame 2/8
reference: frame 3/8
reference: frame 4/8
reference: frame 5/8
reference: frame 6/8
reference: frame 7/8
reference: frame 8/8
reference: capture complete -> /tmp/ordinarylight_validation_matrix/restir/dense_reference.npy
conventional: frame 1/8
conventional: frame 2/8
conventional: frame 3/8
conventional: frame 4/8
conventional: frame 5/8
conventional: frame 6/8
conventional: frame 7/8
conventional: frame 8/8
conventional: capture complete -> /tmp/ordinarylight_validation_matrix/restir/dense_conventional.npy
canonical: frame 1/8
canonical: frame 2/8
canonical: frame 3/8
canonical: frame 4/8
canonical: frame 5/8
canonical: frame 6/8
canonical: frame 7/8
canonical: frame 8/8
canonical: capture complete -> /tmp/ordinarylight_validation_matrix/restir/dense_canonical.npy
pairwise: frame 1/8
pairwise: frame 2/8
pairwise: frame 3/8
pairwise: frame 4/8
pairwise: frame 5/8
pairwise: frame 6/8
pairwise: frame 7/8
pairwise: frame 8/8
pairwise: capture complete -> /tmp/ordinarylight_validation_matrix/restir/dense_pairwise.npy
Captures saved incrementally; metadata -> /tmp/ordinarylight_validation_matrix/restir/dense_metadata.json
Computing per-frame HDR and temporal metrics...
Quality metrics -> /tmp/ordinarylight_validation_matrix/restir/dense_metrics.csv
Performance and reuse metrics -> /tmp/ordinarylight_validation_matrix/restir/dense_performance.csv
Computing aggregate summaries...
conventional
  mae_mean=0.034488097
  mae_p95=0.034969106
  mae_max=0.035094526
  rmse_mean=0.046665677
  rmse_p95=0.04725899
  rmse_max=0.047437079
  relative_rmse_mean=0.86128429
  relative_rmse_p95=0.86511067
  relative_rmse_max=0.86543543
  bias_mean=9.2542607e-05
  bias_p95=0.00038035643
  bias_max=0.0005031529
  temporal_residual_rmse_mean=0.057960134
  temporal_residual_rmse_p95=0.067797213
  temporal_residual_rmse_max=0.06852755
  history_lag_ratio_mean=0.81069797
  history_lag_ratio_p95=0.94864741
  history_lag_ratio_max=0.96234376
  horizontal_band_rms_mean=0.0021003555
  horizontal_band_rms_p95=0.0022317817
  horizontal_band_rms_max=0.002241028
  vertical_band_rms_mean=0.0027335322
  vertical_band_rms_p95=0.0028549357
  vertical_band_rms_max=0.0028887766
  band_anisotropy_mean=1.0262696
  band_anisotropy_p95=1.1023078
  band_anisotropy_max=1.1040487
  low_frequency_energy_ratio_mean=1.0001095
  low_frequency_energy_ratio_p95=1.0813956
  low_frequency_energy_ratio_max=1.0831387
  positive_outlier_p999_mean=2.830118
  positive_outlier_p999_p95=2.8668875
  positive_outlier_p999_max=2.8727383
  edge_gradient_gain_mean=1.0098233
  edge_gradient_gain_p95=1.0340826
  edge_gradient_gain_max=1.034358
  edge_gradient_error_mean=1.5896709
  edge_gradient_error_p95=1.6095089
  edge_gradient_error_max=1.6118539
canonical
  mae_mean=0.034488097
  mae_p95=0.034969106
  mae_max=0.035094526
  rmse_mean=0.046665677
  rmse_p95=0.04725899
  rmse_max=0.047437079
  relative_rmse_mean=0.86128429
  relative_rmse_p95=0.86511067
  relative_rmse_max=0.86543543
  bias_mean=9.2542607e-05
  bias_p95=0.00038035643
  bias_max=0.0005031529
  temporal_residual_rmse_mean=0.057960134
  temporal_residual_rmse_p95=0.067797213
  temporal_residual_rmse_max=0.06852755
  history_lag_ratio_mean=0.81069797
  history_lag_ratio_p95=0.94864741
  history_lag_ratio_max=0.96234376
  horizontal_band_rms_mean=0.0021003555
  horizontal_band_rms_p95=0.0022317817
  horizontal_band_rms_max=0.002241028
  vertical_band_rms_mean=0.0027335322
  vertical_band_rms_p95=0.0028549357
  vertical_band_rms_max=0.0028887766
  band_anisotropy_mean=1.0262696
  band_anisotropy_p95=1.1023078
  band_anisotropy_max=1.1040487
  low_frequency_energy_ratio_mean=1.0001095
  low_frequency_energy_ratio_p95=1.0813956
  low_frequency_energy_ratio_max=1.0831387
  positive_outlier_p999_mean=2.830118
  positive_outlier_p999_p95=2.8668875
  positive_outlier_p999_max=2.8727383
  edge_gradient_gain_mean=1.0098233
  edge_gradient_gain_p95=1.0340826
  edge_gradient_gain_max=1.034358
  edge_gradient_error_mean=1.5896709
  edge_gradient_error_p95=1.6095089
  edge_gradient_error_max=1.6118539
pairwise
  mae_mean=0.034488097
  mae_p95=0.034969106
  mae_max=0.035094526
  rmse_mean=0.046665677
  rmse_p95=0.04725899
  rmse_max=0.047437079
  relative_rmse_mean=0.86128429
  relative_rmse_p95=0.86511067
  relative_rmse_max=0.86543543
  bias_mean=9.2542607e-05
  bias_p95=0.00038035643
  bias_max=0.0005031529
  temporal_residual_rmse_mean=0.057960134
  temporal_residual_rmse_p95=0.067797213
  temporal_residual_rmse_max=0.06852755
  history_lag_ratio_mean=0.81069797
  history_lag_ratio_p95=0.94864741
  history_lag_ratio_max=0.96234376
  horizontal_band_rms_mean=0.0021003555
  horizontal_band_rms_p95=0.0022317817
  horizontal_band_rms_max=0.002241028
  vertical_band_rms_mean=0.0027335322
  vertical_band_rms_p95=0.0028549357
  vertical_band_rms_max=0.0028887766
  band_anisotropy_mean=1.0262696
  band_anisotropy_p95=1.1023078
  band_anisotropy_max=1.1040487
  low_frequency_energy_ratio_mean=1.0001095
  low_frequency_energy_ratio_p95=1.0813956
  low_frequency_energy_ratio_max=1.0831387
  positive_outlier_p999_mean=2.830118
  positive_outlier_p999_p95=2.8668875
  positive_outlier_p999_max=2.8727383
  edge_gradient_gain_mean=1.0098233
  edge_gradient_gain_p95=1.0340826
  edge_gradient_gain_max=1.034358
  edge_gradient_error_mean=1.5896709
  edge_gradient_error_p95=1.6095089
  edge_gradient_error_max=1.6118539
Aggregate summary -> /tmp/ordinarylight_validation_matrix/restir/dense_summary.json
PASS: ReSTIR strategies are within configured tolerances
PASS in 13.8s

=== dense / parity ===
Rendering canonical wavefront implementation...
Rendering feature-equivalent megakernel implementation...
Rendering SER ray-generation megakernel implementation...
Rendering hybrid implementation...
Rendering persistent-continuation hybrid implementation...
Rendering persistent implementation...
Rendering coarse-tile persistent implementation...
megakernel
  mae=0
  rmse=0
  relative_rmse=0
  max_absolute=0
ser
  mae=0
  rmse=0
  relative_rmse=0
  max_absolute=0
hybrid
  mae=0
  rmse=0
  relative_rmse=0
  max_absolute=0
hybrid_persistent
  mae=0
  rmse=0
  relative_rmse=0
  max_absolute=0
persistent
  mae=0
  rmse=0
  relative_rmse=0
  max_absolute=0
persistent_coarse
  mae=0
  rmse=0
  relative_rmse=0
  max_absolute=0
PASS: execution strategies are within the configured HDR tolerance
PASS in 12.7s

=== dense / termination ===
reference: 1/8
reference: 2/8
reference: 3/8
reference: 4/8
reference: 5/8
reference: 6/8
reference: 7/8
reference: 8/8
baseline: 1/8
baseline: 2/8
baseline: 3/8
baseline: 4/8
baseline: 5/8
baseline: 6/8
baseline: 7/8
baseline: 8/8
roulette: 1/8
roulette: 2/8
roulette: 3/8
roulette: 4/8
roulette: 5/8
roulette: 6/8
roulette: 7/8
roulette: 8/8
{
  "scene": "dense",
  "extent": [
    320,
    180
  ],
  "frames": 8,
  "baseline_bounces": 8,
  "candidate_bounces": null,
  "roulette_start": 4,
  "limits": {
    "max_error_ratio": 1.25,
    "max_temporal_ratio": 1.25,
    "max_low_frequency_ratio": 1.15,
    "max_abs_bias": 0.01
  },
  "quality": {
    "baseline": {
      "mae_mean": 0.0683494983240962,
      "mae_p95": 0.06894157268106937,
      "mae_max": 0.06909554451704025,
      "rmse_mean": 0.09250029642134905,
      "rmse_p95": 0.09323558956384659,
      "rmse_max": 0.09341119229793549,
      "relative_rmse_mean": 0.8620562316514753,
      "relative_rmse_p95": 0.8652999162110739,
      "relative_rmse_max": 0.8660407426262698,
      "bias_mean": -2.243435574200703e-05,
      "bias_p95": 0.0006154811446322128,
      "bias_max": 0.0006402239087037742,
      "temporal_residual_rmse_mean": 0.11486949399113655,
      "temporal_residual_rmse_p95": 0.13481855243444443,
      "temporal_residual_rmse_max": 0.13694918155670166,
      "history_lag_ratio_mean": 0.8175454078184919,
      "history_lag_ratio_p95": 0.9599594559244403,
      "history_lag_ratio_max": 0.9762442749148648,
      "horizontal_band_rms_mean": 0.00417164815007709,
      "horizontal_band_rms_p95": 0.004472770867869258,
      "horizontal_band_rms_max": 0.004511485807597637,
      "vertical_band_rms_mean": 0.005363229662179947,
      "vertical_band_rms_p95": 0.005639999941922724,
      "vertical_band_rms_max": 0.005697340238839388,
      "band_anisotropy_mean": 1.0379979010713476,
      "band_anisotropy_p95": 1.10925536833868,
      "band_anisotropy_max": 1.1118613722651878,
      "low_frequency_energy_ratio_mean": 0.9978590596717998,
      "low_frequency_energy_ratio_p95": 1.0426746543783407,
      "low_frequency_energy_ratio_max": 1.050831054050762,
      "positive_outlier_p999_mean": 2.8403300846580635,
      "positive_outlier_p999_p95": 2.860921274117254,
      "positive_outlier_p999_max": 2.861506786382436,
      "edge_gradient_gain_mean": 1.0076819078150965,
      "edge_gradient_gain_p95": 1.0304530081510035,
      "edge_gradient_gain_max": 1.0316974246555168,
      "edge_gradient_error_mean": 1.5995604484969386,
      "edge_gradient_error_p95": 1.6160205218311616,
      "edge_gradient_error_max": 1.6175078699570389
    },
    "roulette": {
      "mae_mean": 0.07180649321526289,
      "mae_p95": 0.0724071640521288,
      "mae_max": 0.0725908949971199,
      "rmse_mean": 0.09731452912092209,
      "rmse_p95": 0.09803173393011093,
      "rmse_max": 0.09822940826416016,
      "relative_rmse_mean": 0.9069230024491138,
      "relative_rmse_p95": 0.9102915912950067,
      "relative_rmse_max": 0.9107117422235547,
      "bias_mean": -3.220191410946427e-05,
      "bias_p95": 0.0006772361288312821,
      "bias_max": 0.0007283710292540491,
      "temporal_residual_rmse_mean": 0.12077496573328972,
      "temporal_residual_rmse_p95": 0.1413828119635582,
      "temporal_residual_rmse_max": 0.14339609444141388,
      "history_lag_ratio_mean": 0.8225027003728163,
      "history_lag_ratio_p95": 0.9634086003681441,
      "history_lag_ratio_max": 0.9782030766218313,
      "horizontal_band_rms_mean": 0.0042668327514547855,
      "horizontal_band_rms_p95": 0.004507717490196228,
      "horizontal_band_rms_max": 0.00452068168669939,
      "vertical_band_rms_mean": 0.005532821174710989,
      "vertical_band_rms_p95": 0.005827935505658388,
      "vertical_band_rms_max": 0.005881270859390497,
      "band_anisotropy_mean": 1.0292971790644203,
      "band_anisotropy_p95": 1.0890781679425823,
      "band_anisotropy_max": 1.089611071758103,
      "low_frequency_energy_ratio_mean": 0.9928526133836175,
      "low_frequency_energy_ratio_p95": 1.0320660228697727,
      "low_frequency_energy_ratio_max": 1.042550546117127,
      "positive_outlier_p999_mean": 2.969680806154113,
      "positive_outlier_p999_p95": 2.9962378902676905,
      "positive_outlier_p999_max": 2.9965954130640227,
      "edge_gradient_gain_mean": 1.0069993188920476,
      "edge_gradient_gain_p95": 1.031261460191016,
      "edge_gradient_gain_max": 1.0313117278004256,
      "edge_gradient_error_mean": 1.632065917170702,
      "edge_gradient_error_p95": 1.6499525608365895,
      "edge_gradient_error_max": 1.65105667086485
    }
  }
}
PASS: path termination preserves configured HDR quality
PASS in 6.7s

=== dense / performance ===
FAIL in 0.0s

Wrote /tmp/ordinarylight_validation_matrix/report.json
----------------------------- Captured stderr call -----------------------------
env: '/home/mscf/projects/personal/Ordinary/components/OrdinaryLight/.venv/bin/python': No such file or directory
env: use -[v]S to pass options in shebang lines
env: '/home/mscf/projects/personal/Ordinary/components/OrdinaryLight/.venv/bin/python': No such file or directory
env: use -[v]S to pass options in shebang lines
env: '/home/mscf/projects/personal/Ordinary/components/OrdinaryLight/.venv/bin/python': No such file or directory
env: use -[v]S to pass options in shebang lines
env: '/home/mscf/projects/personal/Ordinary/components/OrdinaryLight/.venv/bin/python': No such file or directory
env: use -[v]S to pass options in shebang lines
FAIL: low-frequency noise budget exceeded
env: '/home/mscf/projects/personal/Ordinary/components/OrdinaryLight/.venv/bin/python': No such file or directory
env: use -[v]S to pass options in shebang lines
env: '/home/mscf/projects/personal/Ordinary/components/OrdinaryLight/.venv/bin/python': No such file or directory
env: use -[v]S to pass options in shebang lines
env: '/home/mscf/projects/personal/Ordinary/components/OrdinaryLight/.venv/bin/python': No such file or directory
env: use -[v]S to pass options in shebang lines
env: '/home/mscf/projects/personal/Ordinary/components/OrdinaryLight/.venv/bin/python': No such file or directory
env: use -[v]S to pass options in shebang lines
FAIL: area_lights/performance, diffuse/performance, glossy_glass/performance, textured/performance, small_emitter/termination, small_emitter/performance, occlusion/performance, nested_glass/performance, dense/performance
----- generated xml file: /tmp/upstream-release-regression/light-full.xml ------
=========================== short test summary info ============================
SKIPPED [1] tests/test_ordinaryshade_color.py:31: sibling Ordinary Shade checkout is unavailable
SKIPPED [1] tests/test_ordinaryshade_core.py:589: sibling Ordinary Shade checkout is unavailable
SKIPPED [1] tests/test_ordinaryshade_core.py:234: sibling Ordinary Shade checkout is unavailable
SKIPPED [1] tests/test_ordinaryshade_core.py:106: sibling Ordinary Shade checkout is unavailable
SKIPPED [1] tests/test_ordinaryshade_core.py:78: sibling Ordinary Shade checkout is unavailable
SKIPPED [1] tests/test_ordinaryshade_core.py:51: sibling Ordinary Shade checkout is unavailable
SKIPPED [1] tests/test_ordinaryshade_core.py:259: sibling Ordinary Shade checkout is unavailable
SKIPPED [1] tests/test_ordinaryshade_core.py:134: sibling Ordinary Shade checkout is unavailable
SKIPPED [1] tests/test_ordinaryshade_core.py:307: sibling Ordinary Shade checkout is unavailable
SKIPPED [1] tests/test_ordinaryshade_core.py:121: sibling Ordinary Shade checkout is unavailable
SKIPPED [1] tests/test_ordinaryshade_effects.py:28: sibling Ordinary Shade checkout is unavailable
SKIPPED [1] tests/test_ordinaryshade_primary.py:157: sibling Ordinary Shade checkout is unavailable
SKIPPED [1] tests/test_portable_volume.py:141: Node is needed for the browser contract test
FAILED tests/gates/test_gpu_gates.py::VulkanGateTests::test_accepted_relax_noise_quality_baseline - subprocess.CalledProcessError: Command '('/home/mscf/projects/personal/Ordinary/.venv/bin/python', '-m', 'tests.gates.noise_quality')' returned non-zero exit status 1.
FAILED tests/gates/test_gpu_gates.py::VulkanGateTests::test_cross_scene_quality_and_parity - subprocess.CalledProcessError: Command '('/home/mscf/projects/personal/Ordinary/.venv/bin/python', '-m', 'tests.gates.validation_matrix', '--stages', 'indirect', 'restir', 'parity', 'termination', 'performance', '--output', '/tmp/ordinarylight_validation_matrix')' returned non-zero exit status 1.
= 2 failed, 1125 passed, 13 skipped, 84 subtests passed in 1134.88s (0:18:54) ==
